image_id,image_path,annotation_path
000012,JPEGImages/000012.jpg,Annotations/000012.xml
000017,JPEGImages/000017.jpg,Annotations/000017.xml
000023,JPEGImages/000023.jpg,Annotations/000023.xml
000026,JPEGImages/000026.jpg,Annotations/000026.xml
000032,JPEGImages/000032.jpg,Annotations/000032.xml
000033,JPEGImages/000033.jpg,Annotations/000033.xml
000034,JPEGImages/000034.jpg,Annotations/000034.xml
000035,JPEGImages/000035.jpg,Annotations/000035.xml
000036,JPEGImages/000036.jpg,Annotations/000036.xml
000042,JPEGImages/000042.jpg,Annotations/000042.xml
000044,JPEGImages/000044.jpg,Annotations/000044.xml
000047,JPEGImages/000047.jpg,Annotations/000047.xml
000048,JPEGImages/000048.jpg,Annotations/000048.xml
000061,JPEGImages/000061.jpg,Annotations/000061.xml
000064,JPEGImages/000064.jpg,Annotations/000064.xml
000066,JPEGImages/000066.jpg,Annotations/000066.xml
000073,JPEGImages/000073.jpg,Annotations/000073.xml
000077,JPEGImages/000077.jpg,Annotations/000077.xml
000078,JPEGImages/000078.jpg,Annotations/000078.xml
000083,JPEGImages/000083.jpg,Annotations/000083.xml
000089,JPEGImages/000089.jpg,Annotations/000089.xml
000091,JPEGImages/000091.jpg,Annotations/000091.xml
000104,JPEGImages/000104.jpg,Annotations/000104.xml
000112,JPEGImages/000112.jpg,Annotations/000112.xml
000122,JPEGImages/000122.jpg,Annotations/000122.xml
000129,JPEGImages/000129.jpg,Annotations/000129.xml
000133,JPEGImages/000133.jpg,Annotations/000133.xml
000134,JPEGImages/000134.jpg,Annotations/000134.xml
000138,JPEGImages/000138.jpg,Annotations/000138.xml
000140,JPEGImages/000140.jpg,Annotations/000140.xml
000141,JPEGImages/000141.jpg,Annotations/000141.xml
000147,JPEGImages/000147.jpg,Annotations/000147.xml
000153,JPEGImages/000153.jpg,Annotations/000153.xml
000154,JPEGImages/000154.jpg,Annotations/000154.xml
000159,JPEGImages/000159.jpg,Annotations/000159.xml
000161,JPEGImages/000161.jpg,Annotations/000161.xml
000162,JPEGImages/000162.jpg,Annotations/000162.xml
000163,JPEGImages/000163.jpg,Annotations/000163.xml
000164,JPEGImages/000164.jpg,Annotations/000164.xml
000171,JPEGImages/000171.jpg,Annotations/000171.xml
000173,JPEGImages/000173.jpg,Annotations/000173.xml
000174,JPEGImages/000174.jpg,Annotations/000174.xml
000187,JPEGImages/000187.jpg,Annotations/000187.xml
000189,JPEGImages/000189.jpg,Annotations/000189.xml
000192,JPEGImages/000192.jpg,Annotations/000192.xml
000193,JPEGImages/000193.jpg,Annotations/000193.xml
000194,JPEGImages/000194.jpg,Annotations/000194.xml
000198,JPEGImages/000198.jpg,Annotations/000198.xml
000200,JPEGImages/000200.jpg,Annotations/000200.xml
000207,JPEGImages/000207.jpg,Annotations/000207.xml
000209,JPEGImages/000209.jpg,Annotations/000209.xml
000219,JPEGImages/000219.jpg,Annotations/000219.xml
000220,JPEGImages/000220.jpg,Annotations/000220.xml
000222,JPEGImages/000222.jpg,Annotations/000222.xml
000225,JPEGImages/000225.jpg,Annotations/000225.xml
000228,JPEGImages/000228.jpg,Annotations/000228.xml
000235,JPEGImages/000235.jpg,Annotations/000235.xml
000242,JPEGImages/000242.jpg,Annotations/000242.xml
000250,JPEGImages/000250.jpg,Annotations/000250.xml
000256,JPEGImages/000256.jpg,Annotations/000256.xml
000259,JPEGImages/000259.jpg,Annotations/000259.xml
000262,JPEGImages/000262.jpg,Annotations/000262.xml
000263,JPEGImages/000263.jpg,Annotations/000263.xml
000276,JPEGImages/000276.jpg,Annotations/000276.xml
000278,JPEGImages/000278.jpg,Annotations/000278.xml
000282,JPEGImages/000282.jpg,Annotations/000282.xml
000288,JPEGImages/000288.jpg,Annotations/000288.xml
000294,JPEGImages/000294.jpg,Annotations/000294.xml
000296,JPEGImages/000296.jpg,Annotations/000296.xml
000306,JPEGImages/000306.jpg,Annotations/000306.xml
000307,JPEGImages/000307.jpg,Annotations/000307.xml
000311,JPEGImages/000311.jpg,Annotations/000311.xml
000312,JPEGImages/000312.jpg,Annotations/000312.xml
000317,JPEGImages/000317.jpg,Annotations/000317.xml
000320,JPEGImages/000320.jpg,Annotations/000320.xml
000325,JPEGImages/000325.jpg,Annotations/000325.xml
000331,JPEGImages/000331.jpg,Annotations/000331.xml
000334,JPEGImages/000334.jpg,Annotations/000334.xml
000337,JPEGImages/000337.jpg,Annotations/000337.xml
000344,JPEGImages/000344.jpg,Annotations/000344.xml
000347,JPEGImages/000347.jpg,Annotations/000347.xml
000349,JPEGImages/000349.jpg,Annotations/000349.xml
000355,JPEGImages/000355.jpg,Annotations/000355.xml
000359,JPEGImages/000359.jpg,Annotations/000359.xml
000367,JPEGImages/000367.jpg,Annotations/000367.xml
000370,JPEGImages/000370.jpg,Annotations/000370.xml
000372,JPEGImages/000372.jpg,Annotations/000372.xml
000379,JPEGImages/000379.jpg,Annotations/000379.xml
000382,JPEGImages/000382.jpg,Annotations/000382.xml
000387,JPEGImages/000387.jpg,Annotations/000387.xml
000391,JPEGImages/000391.jpg,Annotations/000391.xml
000394,JPEGImages/000394.jpg,Annotations/000394.xml
000395,JPEGImages/000395.jpg,Annotations/000395.xml
000400,JPEGImages/000400.jpg,Annotations/000400.xml
000404,JPEGImages/000404.jpg,Annotations/000404.xml
000406,JPEGImages/000406.jpg,Annotations/000406.xml
000407,JPEGImages/000407.jpg,Annotations/000407.xml
000411,JPEGImages/000411.jpg,Annotations/000411.xml
000416,JPEGImages/000416.jpg,Annotations/000416.xml
000430,JPEGImages/000430.jpg,Annotations/000430.xml
000431,JPEGImages/000431.jpg,Annotations/000431.xml
000438,JPEGImages/000438.jpg,Annotations/000438.xml
000446,JPEGImages/000446.jpg,Annotations/000446.xml
000450,JPEGImages/000450.jpg,Annotations/000450.xml
000454,JPEGImages/000454.jpg,Annotations/000454.xml
000463,JPEGImages/000463.jpg,Annotations/000463.xml
000468,JPEGImages/000468.jpg,Annotations/000468.xml
000469,JPEGImages/000469.jpg,Annotations/000469.xml
000470,JPEGImages/000470.jpg,Annotations/000470.xml
000474,JPEGImages/000474.jpg,Annotations/000474.xml
000476,JPEGImages/000476.jpg,Annotations/000476.xml
000477,JPEGImages/000477.jpg,Annotations/000477.xml
000484,JPEGImages/000484.jpg,Annotations/000484.xml
000489,JPEGImages/000489.jpg,Annotations/000489.xml
000496,JPEGImages/000496.jpg,Annotations/000496.xml
000503,JPEGImages/000503.jpg,Annotations/000503.xml
000508,JPEGImages/000508.jpg,Annotations/000508.xml
000516,JPEGImages/000516.jpg,Annotations/000516.xml
000518,JPEGImages/000518.jpg,Annotations/000518.xml
000519,JPEGImages/000519.jpg,Annotations/000519.xml
000522,JPEGImages/000522.jpg,Annotations/000522.xml
000524,JPEGImages/000524.jpg,Annotations/000524.xml
000525,JPEGImages/000525.jpg,Annotations/000525.xml
000526,JPEGImages/000526.jpg,Annotations/000526.xml
000528,JPEGImages/000528.jpg,Annotations/000528.xml
000535,JPEGImages/000535.jpg,Annotations/000535.xml
000537,JPEGImages/000537.jpg,Annotations/000537.xml
000541,JPEGImages/000541.jpg,Annotations/000541.xml
000544,JPEGImages/000544.jpg,Annotations/000544.xml
000549,JPEGImages/000549.jpg,Annotations/000549.xml
000550,JPEGImages/000550.jpg,Annotations/000550.xml
000552,JPEGImages/000552.jpg,Annotations/000552.xml
000554,JPEGImages/000554.jpg,Annotations/000554.xml
000555,JPEGImages/000555.jpg,Annotations/000555.xml
000559,JPEGImages/000559.jpg,Annotations/000559.xml
000565,JPEGImages/000565.jpg,Annotations/000565.xml
000577,JPEGImages/000577.jpg,Annotations/000577.xml
000583,JPEGImages/000583.jpg,Annotations/000583.xml
000589,JPEGImages/000589.jpg,Annotations/000589.xml
000590,JPEGImages/000590.jpg,Annotations/000590.xml
000592,JPEGImages/000592.jpg,Annotations/000592.xml
000597,JPEGImages/000597.jpg,Annotations/000597.xml
000605,JPEGImages/000605.jpg,Annotations/000605.xml
000609,JPEGImages/000609.jpg,Annotations/000609.xml
000612,JPEGImages/000612.jpg,Annotations/000612.xml
000620,JPEGImages/000620.jpg,Annotations/000620.xml
000622,JPEGImages/000622.jpg,Annotations/000622.xml
000625,JPEGImages/000625.jpg,Annotations/000625.xml
000632,JPEGImages/000632.jpg,Annotations/000632.xml
000633,JPEGImages/000633.jpg,Annotations/000633.xml
000635,JPEGImages/000635.jpg,Annotations/000635.xml
000648,JPEGImages/000648.jpg,Annotations/000648.xml
000654,JPEGImages/000654.jpg,Annotations/000654.xml
000657,JPEGImages/000657.jpg,Annotations/000657.xml
000671,JPEGImages/000671.jpg,Annotations/000671.xml
000672,JPEGImages/000672.jpg,Annotations/000672.xml
000680,JPEGImages/000680.jpg,Annotations/000680.xml
000685,JPEGImages/000685.jpg,Annotations/000685.xml
000688,JPEGImages/000688.jpg,Annotations/000688.xml
000689,JPEGImages/000689.jpg,Annotations/000689.xml
000695,JPEGImages/000695.jpg,Annotations/000695.xml
000699,JPEGImages/000699.jpg,Annotations/000699.xml
000700,JPEGImages/000700.jpg,Annotations/000700.xml
000709,JPEGImages/000709.jpg,Annotations/000709.xml
000710,JPEGImages/000710.jpg,Annotations/000710.xml
000711,JPEGImages/000711.jpg,Annotations/000711.xml
000726,JPEGImages/000726.jpg,Annotations/000726.xml
000729,JPEGImages/000729.jpg,Annotations/000729.xml
000731,JPEGImages/000731.jpg,Annotations/000731.xml
000733,JPEGImages/000733.jpg,Annotations/000733.xml
000739,JPEGImages/000739.jpg,Annotations/000739.xml
000740,JPEGImages/000740.jpg,Annotations/000740.xml
000753,JPEGImages/000753.jpg,Annotations/000753.xml
000754,JPEGImages/000754.jpg,Annotations/000754.xml
000761,JPEGImages/000761.jpg,Annotations/000761.xml
000764,JPEGImages/000764.jpg,Annotations/000764.xml
000767,JPEGImages/000767.jpg,Annotations/000767.xml
000768,JPEGImages/000768.jpg,Annotations/000768.xml
000770,JPEGImages/000770.jpg,Annotations/000770.xml
000774,JPEGImages/000774.jpg,Annotations/000774.xml
000793,JPEGImages/000793.jpg,Annotations/000793.xml
000796,JPEGImages/000796.jpg,Annotations/000796.xml
000804,JPEGImages/000804.jpg,Annotations/000804.xml
000805,JPEGImages/000805.jpg,Annotations/000805.xml
000810,JPEGImages/000810.jpg,Annotations/000810.xml
000812,JPEGImages/000812.jpg,Annotations/000812.xml
000818,JPEGImages/000818.jpg,Annotations/000818.xml
000820,JPEGImages/000820.jpg,Annotations/000820.xml
000822,JPEGImages/000822.jpg,Annotations/000822.xml
000823,JPEGImages/000823.jpg,Annotations/000823.xml
000827,JPEGImages/000827.jpg,Annotations/000827.xml
000828,JPEGImages/000828.jpg,Annotations/000828.xml
000829,JPEGImages/000829.jpg,Annotations/000829.xml
000830,JPEGImages/000830.jpg,Annotations/000830.xml
000845,JPEGImages/000845.jpg,Annotations/000845.xml
000849,JPEGImages/000849.jpg,Annotations/000849.xml
000850,JPEGImages/000850.jpg,Annotations/000850.xml
000851,JPEGImages/000851.jpg,Annotations/000851.xml
000859,JPEGImages/000859.jpg,Annotations/000859.xml
000860,JPEGImages/000860.jpg,Annotations/000860.xml
000865,JPEGImages/000865.jpg,Annotations/000865.xml
000867,JPEGImages/000867.jpg,Annotations/000867.xml
000871,JPEGImages/000871.jpg,Annotations/000871.xml
000887,JPEGImages/000887.jpg,Annotations/000887.xml
000888,JPEGImages/000888.jpg,Annotations/000888.xml
000889,JPEGImages/000889.jpg,Annotations/000889.xml
000892,JPEGImages/000892.jpg,Annotations/000892.xml
000898,JPEGImages/000898.jpg,Annotations/000898.xml
000899,JPEGImages/000899.jpg,Annotations/000899.xml
000900,JPEGImages/000900.jpg,Annotations/000900.xml
000902,JPEGImages/000902.jpg,Annotations/000902.xml
000904,JPEGImages/000904.jpg,Annotations/000904.xml
000906,JPEGImages/000906.jpg,Annotations/000906.xml
000908,JPEGImages/000908.jpg,Annotations/000908.xml
000912,JPEGImages/000912.jpg,Annotations/000912.xml
000915,JPEGImages/000915.jpg,Annotations/000915.xml
000919,JPEGImages/000919.jpg,Annotations/000919.xml
000929,JPEGImages/000929.jpg,Annotations/000929.xml
000936,JPEGImages/000936.jpg,Annotations/000936.xml
000943,JPEGImages/000943.jpg,Annotations/000943.xml
000950,JPEGImages/000950.jpg,Annotations/000950.xml
000951,JPEGImages/000951.jpg,Annotations/000951.xml
000954,JPEGImages/000954.jpg,Annotations/000954.xml
000958,JPEGImages/000958.jpg,Annotations/000958.xml
000962,JPEGImages/000962.jpg,Annotations/000962.xml
000964,JPEGImages/000964.jpg,Annotations/000964.xml
000965,JPEGImages/000965.jpg,Annotations/000965.xml
000966,JPEGImages/000966.jpg,Annotations/000966.xml
000967,JPEGImages/000967.jpg,Annotations/000967.xml
000977,JPEGImages/000977.jpg,Annotations/000977.xml
000980,JPEGImages/000980.jpg,Annotations/000980.xml
000987,JPEGImages/000987.jpg,Annotations/000987.xml
000989,JPEGImages/000989.jpg,Annotations/000989.xml
000991,JPEGImages/000991.jpg,Annotations/000991.xml
000993,JPEGImages/000993.jpg,Annotations/000993.xml
000996,JPEGImages/000996.jpg,Annotations/000996.xml
000997,JPEGImages/000997.jpg,Annotations/000997.xml
000999,JPEGImages/000999.jpg,Annotations/000999.xml
001001,JPEGImages/001001.jpg,Annotations/001001.xml
001002,JPEGImages/001002.jpg,Annotations/001002.xml
001008,JPEGImages/001008.jpg,Annotations/001008.xml
001010,JPEGImages/001010.jpg,Annotations/001010.xml
001011,JPEGImages/001011.jpg,Annotations/001011.xml
001014,JPEGImages/001014.jpg,Annotations/001014.xml
001015,JPEGImages/001015.jpg,Annotations/001015.xml
001024,JPEGImages/001024.jpg,Annotations/001024.xml
001036,JPEGImages/001036.jpg,Annotations/001036.xml
001043,JPEGImages/001043.jpg,Annotations/001043.xml
001050,JPEGImages/001050.jpg,Annotations/001050.xml
001057,JPEGImages/001057.jpg,Annotations/001057.xml
001060,JPEGImages/001060.jpg,Annotations/001060.xml
001064,JPEGImages/001064.jpg,Annotations/001064.xml
001068,JPEGImages/001068.jpg,Annotations/001068.xml
001071,JPEGImages/001071.jpg,Annotations/001071.xml
001073,JPEGImages/001073.jpg,Annotations/001073.xml
001077,JPEGImages/001077.jpg,Annotations/001077.xml
001078,JPEGImages/001078.jpg,Annotations/001078.xml
001079,JPEGImages/001079.jpg,Annotations/001079.xml
001082,JPEGImages/001082.jpg,Annotations/001082.xml
001101,JPEGImages/001101.jpg,Annotations/001101.xml
001106,JPEGImages/001106.jpg,Annotations/001106.xml
001112,JPEGImages/001112.jpg,Annotations/001112.xml
001113,JPEGImages/001113.jpg,Annotations/001113.xml
001119,JPEGImages/001119.jpg,Annotations/001119.xml
001127,JPEGImages/001127.jpg,Annotations/001127.xml
001129,JPEGImages/001129.jpg,Annotations/001129.xml
001130,JPEGImages/001130.jpg,Annotations/001130.xml
001140,JPEGImages/001140.jpg,Annotations/001140.xml
001147,JPEGImages/001147.jpg,Annotations/001147.xml
001151,JPEGImages/001151.jpg,Annotations/001151.xml
001152,JPEGImages/001152.jpg,Annotations/001152.xml
001156,JPEGImages/001156.jpg,Annotations/001156.xml
001158,JPEGImages/001158.jpg,Annotations/001158.xml
001168,JPEGImages/001168.jpg,Annotations/001168.xml
001171,JPEGImages/001171.jpg,Annotations/001171.xml
001172,JPEGImages/001172.jpg,Annotations/001172.xml
001174,JPEGImages/001174.jpg,Annotations/001174.xml
001182,JPEGImages/001182.jpg,Annotations/001182.xml
001191,JPEGImages/001191.jpg,Annotations/001191.xml
001194,JPEGImages/001194.jpg,Annotations/001194.xml
001204,JPEGImages/001204.jpg,Annotations/001204.xml
001205,JPEGImages/001205.jpg,Annotations/001205.xml
001207,JPEGImages/001207.jpg,Annotations/001207.xml
001209,JPEGImages/001209.jpg,Annotations/001209.xml
001212,JPEGImages/001212.jpg,Annotations/001212.xml
001214,JPEGImages/001214.jpg,Annotations/001214.xml
001226,JPEGImages/001226.jpg,Annotations/001226.xml
001229,JPEGImages/001229.jpg,Annotations/001229.xml
001230,JPEGImages/001230.jpg,Annotations/001230.xml
001234,JPEGImages/001234.jpg,Annotations/001234.xml
001237,JPEGImages/001237.jpg,Annotations/001237.xml
001239,JPEGImages/001239.jpg,Annotations/001239.xml
001240,JPEGImages/001240.jpg,Annotations/001240.xml
001248,JPEGImages/001248.jpg,Annotations/001248.xml
001258,JPEGImages/001258.jpg,Annotations/001258.xml
001263,JPEGImages/001263.jpg,Annotations/001263.xml
001268,JPEGImages/001268.jpg,Annotations/001268.xml
001269,JPEGImages/001269.jpg,Annotations/001269.xml
001270,JPEGImages/001270.jpg,Annotations/001270.xml
001273,JPEGImages/001273.jpg,Annotations/001273.xml
001279,JPEGImages/001279.jpg,Annotations/001279.xml
001287,JPEGImages/001287.jpg,Annotations/001287.xml
001294,JPEGImages/001294.jpg,Annotations/001294.xml
001299,JPEGImages/001299.jpg,Annotations/001299.xml
001304,JPEGImages/001304.jpg,Annotations/001304.xml
001309,JPEGImages/001309.jpg,Annotations/001309.xml
001312,JPEGImages/001312.jpg,Annotations/001312.xml
001314,JPEGImages/001314.jpg,Annotations/001314.xml
001315,JPEGImages/001315.jpg,Annotations/001315.xml
001323,JPEGImages/001323.jpg,Annotations/001323.xml
001325,JPEGImages/001325.jpg,Annotations/001325.xml
001326,JPEGImages/001326.jpg,Annotations/001326.xml
001327,JPEGImages/001327.jpg,Annotations/001327.xml
001332,JPEGImages/001332.jpg,Annotations/001332.xml
001333,JPEGImages/001333.jpg,Annotations/001333.xml
001334,JPEGImages/001334.jpg,Annotations/001334.xml
001345,JPEGImages/001345.jpg,Annotations/001345.xml
001346,JPEGImages/001346.jpg,Annotations/001346.xml
001348,JPEGImages/001348.jpg,Annotations/001348.xml
001364,JPEGImages/001364.jpg,Annotations/001364.xml
001365,JPEGImages/001365.jpg,Annotations/001365.xml
001378,JPEGImages/001378.jpg,Annotations/001378.xml
001384,JPEGImages/001384.jpg,Annotations/001384.xml
001385,JPEGImages/001385.jpg,Annotations/001385.xml
001388,JPEGImages/001388.jpg,Annotations/001388.xml
001390,JPEGImages/001390.jpg,Annotations/001390.xml
001393,JPEGImages/001393.jpg,Annotations/001393.xml
001395,JPEGImages/001395.jpg,Annotations/001395.xml
001402,JPEGImages/001402.jpg,Annotations/001402.xml
001404,JPEGImages/001404.jpg,Annotations/001404.xml
001405,JPEGImages/001405.jpg,Annotations/001405.xml
001406,JPEGImages/001406.jpg,Annotations/001406.xml
001408,JPEGImages/001408.jpg,Annotations/001408.xml
001409,JPEGImages/001409.jpg,Annotations/001409.xml
001414,JPEGImages/001414.jpg,Annotations/001414.xml
001418,JPEGImages/001418.jpg,Annotations/001418.xml
001420,JPEGImages/001420.jpg,Annotations/001420.xml
001421,JPEGImages/001421.jpg,Annotations/001421.xml
001426,JPEGImages/001426.jpg,Annotations/001426.xml
001427,JPEGImages/001427.jpg,Annotations/001427.xml
001434,JPEGImages/001434.jpg,Annotations/001434.xml
001436,JPEGImages/001436.jpg,Annotations/001436.xml
001442,JPEGImages/001442.jpg,Annotations/001442.xml
001450,JPEGImages/001450.jpg,Annotations/001450.xml
001451,JPEGImages/001451.jpg,Annotations/001451.xml
001453,JPEGImages/001453.jpg,Annotations/001453.xml
001455,JPEGImages/001455.jpg,Annotations/001455.xml
001457,JPEGImages/001457.jpg,Annotations/001457.xml
001468,JPEGImages/001468.jpg,Annotations/001468.xml
001470,JPEGImages/001470.jpg,Annotations/001470.xml
001479,JPEGImages/001479.jpg,Annotations/001479.xml
001480,JPEGImages/001480.jpg,Annotations/001480.xml
001483,JPEGImages/001483.jpg,Annotations/001483.xml
001485,JPEGImages/001485.jpg,Annotations/001485.xml
001486,JPEGImages/001486.jpg,Annotations/001486.xml
001488,JPEGImages/001488.jpg,Annotations/001488.xml
001492,JPEGImages/001492.jpg,Annotations/001492.xml
001494,JPEGImages/001494.jpg,Annotations/001494.xml
001498,JPEGImages/001498.jpg,Annotations/001498.xml
001499,JPEGImages/001499.jpg,Annotations/001499.xml
001501,JPEGImages/001501.jpg,Annotations/001501.xml
001504,JPEGImages/001504.jpg,Annotations/001504.xml
001512,JPEGImages/001512.jpg,Annotations/001512.xml
001515,JPEGImages/001515.jpg,Annotations/001515.xml
001517,JPEGImages/001517.jpg,Annotations/001517.xml
001521,JPEGImages/001521.jpg,Annotations/001521.xml
001524,JPEGImages/001524.jpg,Annotations/001524.xml
001526,JPEGImages/001526.jpg,Annotations/001526.xml
001528,JPEGImages/001528.jpg,Annotations/001528.xml
001529,JPEGImages/001529.jpg,Annotations/001529.xml
001532,JPEGImages/001532.jpg,Annotations/001532.xml
001539,JPEGImages/001539.jpg,Annotations/001539.xml
001548,JPEGImages/001548.jpg,Annotations/001548.xml
001555,JPEGImages/001555.jpg,Annotations/001555.xml
001556,JPEGImages/001556.jpg,Annotations/001556.xml
001557,JPEGImages/001557.jpg,Annotations/001557.xml
001559,JPEGImages/001559.jpg,Annotations/001559.xml
001563,JPEGImages/001563.jpg,Annotations/001563.xml
001576,JPEGImages/001576.jpg,Annotations/001576.xml
001579,JPEGImages/001579.jpg,Annotations/001579.xml
001580,JPEGImages/001580.jpg,Annotations/001580.xml
001586,JPEGImages/001586.jpg,Annotations/001586.xml
001590,JPEGImages/001590.jpg,Annotations/001590.xml
001593,JPEGImages/001593.jpg,Annotations/001593.xml
001594,JPEGImages/001594.jpg,Annotations/001594.xml
001597,JPEGImages/001597.jpg,Annotations/001597.xml
001604,JPEGImages/001604.jpg,Annotations/001604.xml
001607,JPEGImages/001607.jpg,Annotations/001607.xml
001610,JPEGImages/001610.jpg,Annotations/001610.xml
001611,JPEGImages/001611.jpg,Annotations/001611.xml
001612,JPEGImages/001612.jpg,Annotations/001612.xml
001622,JPEGImages/001622.jpg,Annotations/001622.xml
001627,JPEGImages/001627.jpg,Annotations/001627.xml
001630,JPEGImages/001630.jpg,Annotations/001630.xml
001633,JPEGImages/001633.jpg,Annotations/001633.xml
001636,JPEGImages/001636.jpg,Annotations/001636.xml
001643,JPEGImages/001643.jpg,Annotations/001643.xml
001649,JPEGImages/001649.jpg,Annotations/001649.xml
001650,JPEGImages/001650.jpg,Annotations/001650.xml
001651,JPEGImages/001651.jpg,Annotations/001651.xml
001654,JPEGImages/001654.jpg,Annotations/001654.xml
001661,JPEGImages/001661.jpg,Annotations/001661.xml
001662,JPEGImages/001662.jpg,Annotations/001662.xml
001669,JPEGImages/001669.jpg,Annotations/001669.xml
001673,JPEGImages/001673.jpg,Annotations/001673.xml
001676,JPEGImages/001676.jpg,Annotations/001676.xml
001680,JPEGImages/001680.jpg,Annotations/001680.xml
001683,JPEGImages/001683.jpg,Annotations/001683.xml
001684,JPEGImages/001684.jpg,Annotations/001684.xml
001688,JPEGImages/001688.jpg,Annotations/001688.xml
001690,JPEGImages/001690.jpg,Annotations/001690.xml
001699,JPEGImages/001699.jpg,Annotations/001699.xml
001707,JPEGImages/001707.jpg,Annotations/001707.xml
001708,JPEGImages/001708.jpg,Annotations/001708.xml
001711,JPEGImages/001711.jpg,Annotations/001711.xml
001713,JPEGImages/001713.jpg,Annotations/001713.xml
001714,JPEGImages/001714.jpg,Annotations/001714.xml
001717,JPEGImages/001717.jpg,Annotations/001717.xml
001721,JPEGImages/001721.jpg,Annotations/001721.xml
001723,JPEGImages/001723.jpg,Annotations/001723.xml
001729,JPEGImages/001729.jpg,Annotations/001729.xml
001732,JPEGImages/001732.jpg,Annotations/001732.xml
001733,JPEGImages/001733.jpg,Annotations/001733.xml
001734,JPEGImages/001734.jpg,Annotations/001734.xml
001738,JPEGImages/001738.jpg,Annotations/001738.xml
001739,JPEGImages/001739.jpg,Annotations/001739.xml
001741,JPEGImages/001741.jpg,Annotations/001741.xml
001750,JPEGImages/001750.jpg,Annotations/001750.xml
001752,JPEGImages/001752.jpg,Annotations/001752.xml
001754,JPEGImages/001754.jpg,Annotations/001754.xml
001758,JPEGImages/001758.jpg,Annotations/001758.xml
001759,JPEGImages/001759.jpg,Annotations/001759.xml
001761,JPEGImages/001761.jpg,Annotations/001761.xml
001765,JPEGImages/001765.jpg,Annotations/001765.xml
001766,JPEGImages/001766.jpg,Annotations/001766.xml
001768,JPEGImages/001768.jpg,Annotations/001768.xml
001777,JPEGImages/001777.jpg,Annotations/001777.xml
001780,JPEGImages/001780.jpg,Annotations/001780.xml
001787,JPEGImages/001787.jpg,Annotations/001787.xml
001789,JPEGImages/001789.jpg,Annotations/001789.xml
001800,JPEGImages/001800.jpg,Annotations/001800.xml
001806,JPEGImages/001806.jpg,Annotations/001806.xml
001809,JPEGImages/001809.jpg,Annotations/001809.xml
001810,JPEGImages/001810.jpg,Annotations/001810.xml
001821,JPEGImages/001821.jpg,Annotations/001821.xml
001825,JPEGImages/001825.jpg,Annotations/001825.xml
001828,JPEGImages/001828.jpg,Annotations/001828.xml
001832,JPEGImages/001832.jpg,Annotations/001832.xml
001834,JPEGImages/001834.jpg,Annotations/001834.xml
001836,JPEGImages/001836.jpg,Annotations/001836.xml
001840,JPEGImages/001840.jpg,Annotations/001840.xml
001841,JPEGImages/001841.jpg,Annotations/001841.xml
001843,JPEGImages/001843.jpg,Annotations/001843.xml
001845,JPEGImages/001845.jpg,Annotations/001845.xml
001853,JPEGImages/001853.jpg,Annotations/001853.xml
001854,JPEGImages/001854.jpg,Annotations/001854.xml
001858,JPEGImages/001858.jpg,Annotations/001858.xml
001861,JPEGImages/001861.jpg,Annotations/001861.xml
001864,JPEGImages/001864.jpg,Annotations/001864.xml
001870,JPEGImages/001870.jpg,Annotations/001870.xml
001881,JPEGImages/001881.jpg,Annotations/001881.xml
001892,JPEGImages/001892.jpg,Annotations/001892.xml
001894,JPEGImages/001894.jpg,Annotations/001894.xml
001896,JPEGImages/001896.jpg,Annotations/001896.xml
001898,JPEGImages/001898.jpg,Annotations/001898.xml
001902,JPEGImages/001902.jpg,Annotations/001902.xml
001903,JPEGImages/001903.jpg,Annotations/001903.xml
001904,JPEGImages/001904.jpg,Annotations/001904.xml
001906,JPEGImages/001906.jpg,Annotations/001906.xml
001915,JPEGImages/001915.jpg,Annotations/001915.xml
001922,JPEGImages/001922.jpg,Annotations/001922.xml
001928,JPEGImages/001928.jpg,Annotations/001928.xml
001930,JPEGImages/001930.jpg,Annotations/001930.xml
001937,JPEGImages/001937.jpg,Annotations/001937.xml
001938,JPEGImages/001938.jpg,Annotations/001938.xml
001941,JPEGImages/001941.jpg,Annotations/001941.xml
001945,JPEGImages/001945.jpg,Annotations/001945.xml
001950,JPEGImages/001950.jpg,Annotations/001950.xml
001952,JPEGImages/001952.jpg,Annotations/001952.xml
001954,JPEGImages/001954.jpg,Annotations/001954.xml
001960,JPEGImages/001960.jpg,Annotations/001960.xml
001963,JPEGImages/001963.jpg,Annotations/001963.xml
001971,JPEGImages/001971.jpg,Annotations/001971.xml
001977,JPEGImages/001977.jpg,Annotations/001977.xml
001978,JPEGImages/001978.jpg,Annotations/001978.xml
001980,JPEGImages/001980.jpg,Annotations/001980.xml
001981,JPEGImages/001981.jpg,Annotations/001981.xml
001985,JPEGImages/001985.jpg,Annotations/001985.xml
001989,JPEGImages/001989.jpg,Annotations/001989.xml
001995,JPEGImages/001995.jpg,Annotations/001995.xml
001999,JPEGImages/001999.jpg,Annotations/001999.xml
002001,JPEGImages/002001.jpg,Annotations/002001.xml
002002,JPEGImages/002002.jpg,Annotations/002002.xml
002004,JPEGImages/002004.jpg,Annotations/002004.xml
002006,JPEGImages/002006.jpg,Annotations/002006.xml
002012,JPEGImages/002012.jpg,Annotations/002012.xml
002015,JPEGImages/002015.jpg,Annotations/002015.xml
002020,JPEGImages/002020.jpg,Annotations/002020.xml
002025,JPEGImages/002025.jpg,Annotations/002025.xml
002027,JPEGImages/002027.jpg,Annotations/002027.xml
002034,JPEGImages/002034.jpg,Annotations/002034.xml
002037,JPEGImages/002037.jpg,Annotations/002037.xml
002039,JPEGImages/002039.jpg,Annotations/002039.xml
002042,JPEGImages/002042.jpg,Annotations/002042.xml
002043,JPEGImages/002043.jpg,Annotations/002043.xml
002047,JPEGImages/002047.jpg,Annotations/002047.xml
002049,JPEGImages/002049.jpg,Annotations/002049.xml
002051,JPEGImages/002051.jpg,Annotations/002051.xml
002055,JPEGImages/002055.jpg,Annotations/002055.xml
002056,JPEGImages/002056.jpg,Annotations/002056.xml
002061,JPEGImages/002061.jpg,Annotations/002061.xml
002068,JPEGImages/002068.jpg,Annotations/002068.xml
002069,JPEGImages/002069.jpg,Annotations/002069.xml
002095,JPEGImages/002095.jpg,Annotations/002095.xml
002096,JPEGImages/002096.jpg,Annotations/002096.xml
002104,JPEGImages/002104.jpg,Annotations/002104.xml
002108,JPEGImages/002108.jpg,Annotations/002108.xml
002116,JPEGImages/002116.jpg,Annotations/002116.xml
002117,JPEGImages/002117.jpg,Annotations/002117.xml
002120,JPEGImages/002120.jpg,Annotations/002120.xml
002126,JPEGImages/002126.jpg,Annotations/002126.xml
002132,JPEGImages/002132.jpg,Annotations/002132.xml
002134,JPEGImages/002134.jpg,Annotations/002134.xml
002139,JPEGImages/002139.jpg,Annotations/002139.xml
002151,JPEGImages/002151.jpg,Annotations/002151.xml
002153,JPEGImages/002153.jpg,Annotations/002153.xml
002155,JPEGImages/002155.jpg,Annotations/002155.xml
002156,JPEGImages/002156.jpg,Annotations/002156.xml
002158,JPEGImages/002158.jpg,Annotations/002158.xml
002166,JPEGImages/002166.jpg,Annotations/002166.xml
002170,JPEGImages/002170.jpg,Annotations/002170.xml
002172,JPEGImages/002172.jpg,Annotations/002172.xml
002176,JPEGImages/002176.jpg,Annotations/002176.xml
002178,JPEGImages/002178.jpg,Annotations/002178.xml
002179,JPEGImages/002179.jpg,Annotations/002179.xml
002180,JPEGImages/002180.jpg,Annotations/002180.xml
002182,JPEGImages/002182.jpg,Annotations/002182.xml
002186,JPEGImages/002186.jpg,Annotations/002186.xml
002187,JPEGImages/002187.jpg,Annotations/002187.xml
002191,JPEGImages/002191.jpg,Annotations/002191.xml
002192,JPEGImages/002192.jpg,Annotations/002192.xml
002193,JPEGImages/002193.jpg,Annotations/002193.xml
002194,JPEGImages/002194.jpg,Annotations/002194.xml
002196,JPEGImages/002196.jpg,Annotations/002196.xml
002197,JPEGImages/002197.jpg,Annotations/002197.xml
002199,JPEGImages/002199.jpg,Annotations/002199.xml
002208,JPEGImages/002208.jpg,Annotations/002208.xml
002212,JPEGImages/002212.jpg,Annotations/002212.xml
002215,JPEGImages/002215.jpg,Annotations/002215.xml
002219,JPEGImages/002219.jpg,Annotations/002219.xml
002221,JPEGImages/002221.jpg,Annotations/002221.xml
002224,JPEGImages/002224.jpg,Annotations/002224.xml
002234,JPEGImages/002234.jpg,Annotations/002234.xml
002237,JPEGImages/002237.jpg,Annotations/002237.xml
002238,JPEGImages/002238.jpg,Annotations/002238.xml
002241,JPEGImages/002241.jpg,Annotations/002241.xml
002247,JPEGImages/002247.jpg,Annotations/002247.xml
002249,JPEGImages/002249.jpg,Annotations/002249.xml
002253,JPEGImages/002253.jpg,Annotations/002253.xml
002255,JPEGImages/002255.jpg,Annotations/002255.xml
002256,JPEGImages/002256.jpg,Annotations/002256.xml
002260,JPEGImages/002260.jpg,Annotations/002260.xml
002265,JPEGImages/002265.jpg,Annotations/002265.xml
002277,JPEGImages/002277.jpg,Annotations/002277.xml
002279,JPEGImages/002279.jpg,Annotations/002279.xml
002280,JPEGImages/002280.jpg,Annotations/002280.xml
002284,JPEGImages/002284.jpg,Annotations/002284.xml
002287,JPEGImages/002287.jpg,Annotations/002287.xml
002291,JPEGImages/002291.jpg,Annotations/002291.xml
002293,JPEGImages/002293.jpg,Annotations/002293.xml
002306,JPEGImages/002306.jpg,Annotations/002306.xml
002307,JPEGImages/002307.jpg,Annotations/002307.xml
002310,JPEGImages/002310.jpg,Annotations/002310.xml
002311,JPEGImages/002311.jpg,Annotations/002311.xml
002315,JPEGImages/002315.jpg,Annotations/002315.xml
002318,JPEGImages/002318.jpg,Annotations/002318.xml
002320,JPEGImages/002320.jpg,Annotations/002320.xml
002321,JPEGImages/002321.jpg,Annotations/002321.xml
002323,JPEGImages/002323.jpg,Annotations/002323.xml
002334,JPEGImages/002334.jpg,Annotations/002334.xml
002335,JPEGImages/002335.jpg,Annotations/002335.xml
002342,JPEGImages/002342.jpg,Annotations/002342.xml
002347,JPEGImages/002347.jpg,Annotations/002347.xml
002350,JPEGImages/002350.jpg,Annotations/002350.xml
002354,JPEGImages/002354.jpg,Annotations/002354.xml
002355,JPEGImages/002355.jpg,Annotations/002355.xml
002359,JPEGImages/002359.jpg,Annotations/002359.xml
002362,JPEGImages/002362.jpg,Annotations/002362.xml
002368,JPEGImages/002368.jpg,Annotations/002368.xml
002373,JPEGImages/002373.jpg,Annotations/002373.xml
002384,JPEGImages/002384.jpg,Annotations/002384.xml
002392,JPEGImages/002392.jpg,Annotations/002392.xml
002401,JPEGImages/002401.jpg,Annotations/002401.xml
002403,JPEGImages/002403.jpg,Annotations/002403.xml
002405,JPEGImages/002405.jpg,Annotations/002405.xml
002410,JPEGImages/002410.jpg,Annotations/002410.xml
002411,JPEGImages/002411.jpg,Annotations/002411.xml
002413,JPEGImages/002413.jpg,Annotations/002413.xml
002419,JPEGImages/002419.jpg,Annotations/002419.xml
002420,JPEGImages/002420.jpg,Annotations/002420.xml
002423,JPEGImages/002423.jpg,Annotations/002423.xml
002433,JPEGImages/002433.jpg,Annotations/002433.xml
002436,JPEGImages/002436.jpg,Annotations/002436.xml
002439,JPEGImages/002439.jpg,Annotations/002439.xml
002442,JPEGImages/002442.jpg,Annotations/002442.xml
002443,JPEGImages/002443.jpg,Annotations/002443.xml
002445,JPEGImages/002445.jpg,Annotations/002445.xml
002448,JPEGImages/002448.jpg,Annotations/002448.xml
002458,JPEGImages/002458.jpg,Annotations/002458.xml
002461,JPEGImages/002461.jpg,Annotations/002461.xml
002465,JPEGImages/002465.jpg,Annotations/002465.xml
002466,JPEGImages/002466.jpg,Annotations/002466.xml
002468,JPEGImages/002468.jpg,Annotations/002468.xml
002471,JPEGImages/002471.jpg,Annotations/002471.xml
002472,JPEGImages/002472.jpg,Annotations/002472.xml
002478,JPEGImages/002478.jpg,Annotations/002478.xml
002480,JPEGImages/002480.jpg,Annotations/002480.xml
002481,JPEGImages/002481.jpg,Annotations/002481.xml
002483,JPEGImages/002483.jpg,Annotations/002483.xml
002490,JPEGImages/002490.jpg,Annotations/002490.xml
002494,JPEGImages/002494.jpg,Annotations/002494.xml
002496,JPEGImages/002496.jpg,Annotations/002496.xml
002500,JPEGImages/002500.jpg,Annotations/002500.xml
002501,JPEGImages/002501.jpg,Annotations/002501.xml
002502,JPEGImages/002502.jpg,Annotations/002502.xml
002512,JPEGImages/002512.jpg,Annotations/002512.xml
002514,JPEGImages/002514.jpg,Annotations/002514.xml
002518,JPEGImages/002518.jpg,Annotations/002518.xml
002519,JPEGImages/002519.jpg,Annotations/002519.xml
002533,JPEGImages/002533.jpg,Annotations/002533.xml
002534,JPEGImages/002534.jpg,Annotations/002534.xml
002539,JPEGImages/002539.jpg,Annotations/002539.xml
002544,JPEGImages/002544.jpg,Annotations/002544.xml
002545,JPEGImages/002545.jpg,Annotations/002545.xml
002547,JPEGImages/002547.jpg,Annotations/002547.xml
002554,JPEGImages/002554.jpg,Annotations/002554.xml
002555,JPEGImages/002555.jpg,Annotations/002555.xml
002558,JPEGImages/002558.jpg,Annotations/002558.xml
002559,JPEGImages/002559.jpg,Annotations/002559.xml
002564,JPEGImages/002564.jpg,Annotations/002564.xml
002569,JPEGImages/002569.jpg,Annotations/002569.xml
002571,JPEGImages/002571.jpg,Annotations/002571.xml
002572,JPEGImages/002572.jpg,Annotations/002572.xml
002579,JPEGImages/002579.jpg,Annotations/002579.xml
002590,JPEGImages/002590.jpg,Annotations/002590.xml
002594,JPEGImages/002594.jpg,Annotations/002594.xml
002595,JPEGImages/002595.jpg,Annotations/002595.xml
002599,JPEGImages/002599.jpg,Annotations/002599.xml
002603,JPEGImages/002603.jpg,Annotations/002603.xml
002609,JPEGImages/002609.jpg,Annotations/002609.xml
002611,JPEGImages/002611.jpg,Annotations/002611.xml
002625,JPEGImages/002625.jpg,Annotations/002625.xml
002627,JPEGImages/002627.jpg,Annotations/002627.xml
002634,JPEGImages/002634.jpg,Annotations/002634.xml
002635,JPEGImages/002635.jpg,Annotations/002635.xml
002645,JPEGImages/002645.jpg,Annotations/002645.xml
002647,JPEGImages/002647.jpg,Annotations/002647.xml
002648,JPEGImages/002648.jpg,Annotations/002648.xml
002653,JPEGImages/002653.jpg,Annotations/002653.xml
002662,JPEGImages/002662.jpg,Annotations/002662.xml
002664,JPEGImages/002664.jpg,Annotations/002664.xml
002666,JPEGImages/002666.jpg,Annotations/002666.xml
002669,JPEGImages/002669.jpg,Annotations/002669.xml
002680,JPEGImages/002680.jpg,Annotations/002680.xml
002682,JPEGImages/002682.jpg,Annotations/002682.xml
002683,JPEGImages/002683.jpg,Annotations/002683.xml
002684,JPEGImages/002684.jpg,Annotations/002684.xml
002691,JPEGImages/002691.jpg,Annotations/002691.xml
002697,JPEGImages/002697.jpg,Annotations/002697.xml
002702,JPEGImages/002702.jpg,Annotations/002702.xml
002704,JPEGImages/002704.jpg,Annotations/002704.xml
002710,JPEGImages/002710.jpg,Annotations/002710.xml
002713,JPEGImages/002713.jpg,Annotations/002713.xml
002715,JPEGImages/002715.jpg,Annotations/002715.xml
002722,JPEGImages/002722.jpg,Annotations/002722.xml
002730,JPEGImages/002730.jpg,Annotations/002730.xml
002735,JPEGImages/002735.jpg,Annotations/002735.xml
002737,JPEGImages/002737.jpg,Annotations/002737.xml
002738,JPEGImages/002738.jpg,Annotations/002738.xml
002744,JPEGImages/002744.jpg,Annotations/002744.xml
002745,JPEGImages/002745.jpg,Annotations/002745.xml
002749,JPEGImages/002749.jpg,Annotations/002749.xml
002755,JPEGImages/002755.jpg,Annotations/002755.xml
002757,JPEGImages/002757.jpg,Annotations/002757.xml
002759,JPEGImages/002759.jpg,Annotations/002759.xml
002763,JPEGImages/002763.jpg,Annotations/002763.xml
002765,JPEGImages/002765.jpg,Annotations/002765.xml
002766,JPEGImages/002766.jpg,Annotations/002766.xml
002774,JPEGImages/002774.jpg,Annotations/002774.xml
002778,JPEGImages/002778.jpg,Annotations/002778.xml
002779,JPEGImages/002779.jpg,Annotations/002779.xml
002782,JPEGImages/002782.jpg,Annotations/002782.xml
002783,JPEGImages/002783.jpg,Annotations/002783.xml
002791,JPEGImages/002791.jpg,Annotations/002791.xml
002795,JPEGImages/002795.jpg,Annotations/002795.xml
002796,JPEGImages/002796.jpg,Annotations/002796.xml
002801,JPEGImages/002801.jpg,Annotations/002801.xml
002804,JPEGImages/002804.jpg,Annotations/002804.xml
002807,JPEGImages/002807.jpg,Annotations/002807.xml
002816,JPEGImages/002816.jpg,Annotations/002816.xml
002817,JPEGImages/002817.jpg,Annotations/002817.xml
002820,JPEGImages/002820.jpg,Annotations/002820.xml
002826,JPEGImages/002826.jpg,Annotations/002826.xml
002834,JPEGImages/002834.jpg,Annotations/002834.xml
002841,JPEGImages/002841.jpg,Annotations/002841.xml
002844,JPEGImages/002844.jpg,Annotations/002844.xml
002845,JPEGImages/002845.jpg,Annotations/002845.xml
002848,JPEGImages/002848.jpg,Annotations/002848.xml
002855,JPEGImages/002855.jpg,Annotations/002855.xml
002858,JPEGImages/002858.jpg,Annotations/002858.xml
002864,JPEGImages/002864.jpg,Annotations/002864.xml
002866,JPEGImages/002866.jpg,Annotations/002866.xml
002867,JPEGImages/002867.jpg,Annotations/002867.xml
002868,JPEGImages/002868.jpg,Annotations/002868.xml
002869,JPEGImages/002869.jpg,Annotations/002869.xml
002870,JPEGImages/002870.jpg,Annotations/002870.xml
002873,JPEGImages/002873.jpg,Annotations/002873.xml
002881,JPEGImages/002881.jpg,Annotations/002881.xml
002899,JPEGImages/002899.jpg,Annotations/002899.xml
002906,JPEGImages/002906.jpg,Annotations/002906.xml
002914,JPEGImages/002914.jpg,Annotations/002914.xml
002919,JPEGImages/002919.jpg,Annotations/002919.xml
002931,JPEGImages/002931.jpg,Annotations/002931.xml
002934,JPEGImages/002934.jpg,Annotations/002934.xml
002937,JPEGImages/002937.jpg,Annotations/002937.xml
002939,JPEGImages/002939.jpg,Annotations/002939.xml
002953,JPEGImages/002953.jpg,Annotations/002953.xml
002956,JPEGImages/002956.jpg,Annotations/002956.xml
002957,JPEGImages/002957.jpg,Annotations/002957.xml
002958,JPEGImages/002958.jpg,Annotations/002958.xml
002962,JPEGImages/002962.jpg,Annotations/002962.xml
002969,JPEGImages/002969.jpg,Annotations/002969.xml
002975,JPEGImages/002975.jpg,Annotations/002975.xml
002976,JPEGImages/002976.jpg,Annotations/002976.xml
002987,JPEGImages/002987.jpg,Annotations/002987.xml
002988,JPEGImages/002988.jpg,Annotations/002988.xml
002989,JPEGImages/002989.jpg,Annotations/002989.xml
002990,JPEGImages/002990.jpg,Annotations/002990.xml
002992,JPEGImages/002992.jpg,Annotations/002992.xml
002995,JPEGImages/002995.jpg,Annotations/002995.xml
003002,JPEGImages/003002.jpg,Annotations/003002.xml
003003,JPEGImages/003003.jpg,Annotations/003003.xml
003007,JPEGImages/003007.jpg,Annotations/003007.xml
003011,JPEGImages/003011.jpg,Annotations/003011.xml
003013,JPEGImages/003013.jpg,Annotations/003013.xml
003024,JPEGImages/003024.jpg,Annotations/003024.xml
003027,JPEGImages/003027.jpg,Annotations/003027.xml
003034,JPEGImages/003034.jpg,Annotations/003034.xml
003042,JPEGImages/003042.jpg,Annotations/003042.xml
003047,JPEGImages/003047.jpg,Annotations/003047.xml
003051,JPEGImages/003051.jpg,Annotations/003051.xml
003053,JPEGImages/003053.jpg,Annotations/003053.xml
003061,JPEGImages/003061.jpg,Annotations/003061.xml
003063,JPEGImages/003063.jpg,Annotations/003063.xml
003066,JPEGImages/003066.jpg,Annotations/003066.xml
003074,JPEGImages/003074.jpg,Annotations/003074.xml
003077,JPEGImages/003077.jpg,Annotations/003077.xml
003083,JPEGImages/003083.jpg,Annotations/003083.xml
003085,JPEGImages/003085.jpg,Annotations/003085.xml
003088,JPEGImages/003088.jpg,Annotations/003088.xml
003092,JPEGImages/003092.jpg,Annotations/003092.xml
003100,JPEGImages/003100.jpg,Annotations/003100.xml
003103,JPEGImages/003103.jpg,Annotations/003103.xml
003105,JPEGImages/003105.jpg,Annotations/003105.xml
003106,JPEGImages/003106.jpg,Annotations/003106.xml
003107,JPEGImages/003107.jpg,Annotations/003107.xml
003108,JPEGImages/003108.jpg,Annotations/003108.xml
003110,JPEGImages/003110.jpg,Annotations/003110.xml
003116,JPEGImages/003116.jpg,Annotations/003116.xml
003122,JPEGImages/003122.jpg,Annotations/003122.xml
003124,JPEGImages/003124.jpg,Annotations/003124.xml
003133,JPEGImages/003133.jpg,Annotations/003133.xml
003134,JPEGImages/003134.jpg,Annotations/003134.xml
003135,JPEGImages/003135.jpg,Annotations/003135.xml
003138,JPEGImages/003138.jpg,Annotations/003138.xml
003140,JPEGImages/003140.jpg,Annotations/003140.xml
003145,JPEGImages/003145.jpg,Annotations/003145.xml
003146,JPEGImages/003146.jpg,Annotations/003146.xml
003147,JPEGImages/003147.jpg,Annotations/003147.xml
003149,JPEGImages/003149.jpg,Annotations/003149.xml
003150,JPEGImages/003150.jpg,Annotations/003150.xml
003155,JPEGImages/003155.jpg,Annotations/003155.xml
003157,JPEGImages/003157.jpg,Annotations/003157.xml
003159,JPEGImages/003159.jpg,Annotations/003159.xml
003161,JPEGImages/003161.jpg,Annotations/003161.xml
003163,JPEGImages/003163.jpg,Annotations/003163.xml
003165,JPEGImages/003165.jpg,Annotations/003165.xml
003169,JPEGImages/003169.jpg,Annotations/003169.xml
003175,JPEGImages/003175.jpg,Annotations/003175.xml
003181,JPEGImages/003181.jpg,Annotations/003181.xml
003183,JPEGImages/003183.jpg,Annotations/003183.xml
003184,JPEGImages/003184.jpg,Annotations/003184.xml
003185,JPEGImages/003185.jpg,Annotations/003185.xml
003188,JPEGImages/003188.jpg,Annotations/003188.xml
003202,JPEGImages/003202.jpg,Annotations/003202.xml
003204,JPEGImages/003204.jpg,Annotations/003204.xml
003205,JPEGImages/003205.jpg,Annotations/003205.xml
003211,JPEGImages/003211.jpg,Annotations/003211.xml
003214,JPEGImages/003214.jpg,Annotations/003214.xml
003229,JPEGImages/003229.jpg,Annotations/003229.xml
003231,JPEGImages/003231.jpg,Annotations/003231.xml
003233,JPEGImages/003233.jpg,Annotations/003233.xml
003236,JPEGImages/003236.jpg,Annotations/003236.xml
003240,JPEGImages/003240.jpg,Annotations/003240.xml
003242,JPEGImages/003242.jpg,Annotations/003242.xml
003244,JPEGImages/003244.jpg,Annotations/003244.xml
003247,JPEGImages/003247.jpg,Annotations/003247.xml
003253,JPEGImages/003253.jpg,Annotations/003253.xml
003254,JPEGImages/003254.jpg,Annotations/003254.xml
003259,JPEGImages/003259.jpg,Annotations/003259.xml
003260,JPEGImages/003260.jpg,Annotations/003260.xml
003261,JPEGImages/003261.jpg,Annotations/003261.xml
003269,JPEGImages/003269.jpg,Annotations/003269.xml
003270,JPEGImages/003270.jpg,Annotations/003270.xml
003273,JPEGImages/003273.jpg,Annotations/003273.xml
003279,JPEGImages/003279.jpg,Annotations/003279.xml
003280,JPEGImages/003280.jpg,Annotations/003280.xml
003282,JPEGImages/003282.jpg,Annotations/003282.xml
003284,JPEGImages/003284.jpg,Annotations/003284.xml
003290,JPEGImages/003290.jpg,Annotations/003290.xml
003292,JPEGImages/003292.jpg,Annotations/003292.xml
003303,JPEGImages/003303.jpg,Annotations/003303.xml
003308,JPEGImages/003308.jpg,Annotations/003308.xml
003320,JPEGImages/003320.jpg,Annotations/003320.xml
003330,JPEGImages/003330.jpg,Annotations/003330.xml
003331,JPEGImages/003331.jpg,Annotations/003331.xml
003336,JPEGImages/003336.jpg,Annotations/003336.xml
003337,JPEGImages/003337.jpg,Annotations/003337.xml
003338,JPEGImages/003338.jpg,Annotations/003338.xml
003339,JPEGImages/003339.jpg,Annotations/003339.xml
003343,JPEGImages/003343.jpg,Annotations/003343.xml
003349,JPEGImages/003349.jpg,Annotations/003349.xml
003350,JPEGImages/003350.jpg,Annotations/003350.xml
003354,JPEGImages/003354.jpg,Annotations/003354.xml
003355,JPEGImages/003355.jpg,Annotations/003355.xml
003356,JPEGImages/003356.jpg,Annotations/003356.xml
003359,JPEGImages/003359.jpg,Annotations/003359.xml
003363,JPEGImages/003363.jpg,Annotations/003363.xml
003365,JPEGImages/003365.jpg,Annotations/003365.xml
003367,JPEGImages/003367.jpg,Annotations/003367.xml
003369,JPEGImages/003369.jpg,Annotations/003369.xml
003373,JPEGImages/003373.jpg,Annotations/003373.xml
003374,JPEGImages/003374.jpg,Annotations/003374.xml
003379,JPEGImages/003379.jpg,Annotations/003379.xml
003380,JPEGImages/003380.jpg,Annotations/003380.xml
003382,JPEGImages/003382.jpg,Annotations/003382.xml
003392,JPEGImages/003392.jpg,Annotations/003392.xml
003395,JPEGImages/003395.jpg,Annotations/003395.xml
003396,JPEGImages/003396.jpg,Annotations/003396.xml
003401,JPEGImages/003401.jpg,Annotations/003401.xml
003406,JPEGImages/003406.jpg,Annotations/003406.xml
003408,JPEGImages/003408.jpg,Annotations/003408.xml
003412,JPEGImages/003412.jpg,Annotations/003412.xml
003413,JPEGImages/003413.jpg,Annotations/003413.xml
003416,JPEGImages/003416.jpg,Annotations/003416.xml
003417,JPEGImages/003417.jpg,Annotations/003417.xml
003420,JPEGImages/003420.jpg,Annotations/003420.xml
003421,JPEGImages/003421.jpg,Annotations/003421.xml
003424,JPEGImages/003424.jpg,Annotations/003424.xml
003430,JPEGImages/003430.jpg,Annotations/003430.xml
003433,JPEGImages/003433.jpg,Annotations/003433.xml
003436,JPEGImages/003436.jpg,Annotations/003436.xml
003439,JPEGImages/003439.jpg,Annotations/003439.xml
003441,JPEGImages/003441.jpg,Annotations/003441.xml
003450,JPEGImages/003450.jpg,Annotations/003450.xml
003452,JPEGImages/003452.jpg,Annotations/003452.xml
003466,JPEGImages/003466.jpg,Annotations/003466.xml
003477,JPEGImages/003477.jpg,Annotations/003477.xml
003484,JPEGImages/003484.jpg,Annotations/003484.xml
003487,JPEGImages/003487.jpg,Annotations/003487.xml
003489,JPEGImages/003489.jpg,Annotations/003489.xml
003491,JPEGImages/003491.jpg,Annotations/003491.xml
003493,JPEGImages/003493.jpg,Annotations/003493.xml
003496,JPEGImages/003496.jpg,Annotations/003496.xml
003497,JPEGImages/003497.jpg,Annotations/003497.xml
003499,JPEGImages/003499.jpg,Annotations/003499.xml
003500,JPEGImages/003500.jpg,Annotations/003500.xml
003506,JPEGImages/003506.jpg,Annotations/003506.xml
003508,JPEGImages/003508.jpg,Annotations/003508.xml
003509,JPEGImages/003509.jpg,Annotations/003509.xml
003510,JPEGImages/003510.jpg,Annotations/003510.xml
003511,JPEGImages/003511.jpg,Annotations/003511.xml
003522,JPEGImages/003522.jpg,Annotations/003522.xml
003524,JPEGImages/003524.jpg,Annotations/003524.xml
003525,JPEGImages/003525.jpg,Annotations/003525.xml
003529,JPEGImages/003529.jpg,Annotations/003529.xml
003539,JPEGImages/003539.jpg,Annotations/003539.xml
003548,JPEGImages/003548.jpg,Annotations/003548.xml
003549,JPEGImages/003549.jpg,Annotations/003549.xml
003550,JPEGImages/003550.jpg,Annotations/003550.xml
003551,JPEGImages/003551.jpg,Annotations/003551.xml
003555,JPEGImages/003555.jpg,Annotations/003555.xml
003564,JPEGImages/003564.jpg,Annotations/003564.xml
003565,JPEGImages/003565.jpg,Annotations/003565.xml
003575,JPEGImages/003575.jpg,Annotations/003575.xml
003576,JPEGImages/003576.jpg,Annotations/003576.xml
003577,JPEGImages/003577.jpg,Annotations/003577.xml
003585,JPEGImages/003585.jpg,Annotations/003585.xml
003586,JPEGImages/003586.jpg,Annotations/003586.xml
003588,JPEGImages/003588.jpg,Annotations/003588.xml
003596,JPEGImages/003596.jpg,Annotations/003596.xml
003599,JPEGImages/003599.jpg,Annotations/003599.xml
003603,JPEGImages/003603.jpg,Annotations/003603.xml
003604,JPEGImages/003604.jpg,Annotations/003604.xml
003605,JPEGImages/003605.jpg,Annotations/003605.xml
003608,JPEGImages/003608.jpg,Annotations/003608.xml
003609,JPEGImages/003609.jpg,Annotations/003609.xml
003614,JPEGImages/003614.jpg,Annotations/003614.xml
003621,JPEGImages/003621.jpg,Annotations/003621.xml
003622,JPEGImages/003622.jpg,Annotations/003622.xml
003625,JPEGImages/003625.jpg,Annotations/003625.xml
003627,JPEGImages/003627.jpg,Annotations/003627.xml
003628,JPEGImages/003628.jpg,Annotations/003628.xml
003629,JPEGImages/003629.jpg,Annotations/003629.xml
003634,JPEGImages/003634.jpg,Annotations/003634.xml
003635,JPEGImages/003635.jpg,Annotations/003635.xml
003642,JPEGImages/003642.jpg,Annotations/003642.xml
003644,JPEGImages/003644.jpg,Annotations/003644.xml
003645,JPEGImages/003645.jpg,Annotations/003645.xml
003646,JPEGImages/003646.jpg,Annotations/003646.xml
003656,JPEGImages/003656.jpg,Annotations/003656.xml
003658,JPEGImages/003658.jpg,Annotations/003658.xml
003662,JPEGImages/003662.jpg,Annotations/003662.xml
003663,JPEGImages/003663.jpg,Annotations/003663.xml
003664,JPEGImages/003664.jpg,Annotations/003664.xml
003671,JPEGImages/003671.jpg,Annotations/003671.xml
003678,JPEGImages/003678.jpg,Annotations/003678.xml
003679,JPEGImages/003679.jpg,Annotations/003679.xml
003681,JPEGImages/003681.jpg,Annotations/003681.xml
003688,JPEGImages/003688.jpg,Annotations/003688.xml
003694,JPEGImages/003694.jpg,Annotations/003694.xml
003695,JPEGImages/003695.jpg,Annotations/003695.xml
003698,JPEGImages/003698.jpg,Annotations/003698.xml
003699,JPEGImages/003699.jpg,Annotations/003699.xml
003700,JPEGImages/003700.jpg,Annotations/003700.xml
003704,JPEGImages/003704.jpg,Annotations/003704.xml
003705,JPEGImages/003705.jpg,Annotations/003705.xml
003713,JPEGImages/003713.jpg,Annotations/003713.xml
003714,JPEGImages/003714.jpg,Annotations/003714.xml
003732,JPEGImages/003732.jpg,Annotations/003732.xml
003735,JPEGImages/003735.jpg,Annotations/003735.xml
003740,JPEGImages/003740.jpg,Annotations/003740.xml
003743,JPEGImages/003743.jpg,Annotations/003743.xml
003748,JPEGImages/003748.jpg,Annotations/003748.xml
003749,JPEGImages/003749.jpg,Annotations/003749.xml
003751,JPEGImages/003751.jpg,Annotations/003751.xml
003752,JPEGImages/003752.jpg,Annotations/003752.xml
003758,JPEGImages/003758.jpg,Annotations/003758.xml
003759,JPEGImages/003759.jpg,Annotations/003759.xml
003763,JPEGImages/003763.jpg,Annotations/003763.xml
003767,JPEGImages/003767.jpg,Annotations/003767.xml
003773,JPEGImages/003773.jpg,Annotations/003773.xml
003779,JPEGImages/003779.jpg,Annotations/003779.xml
003781,JPEGImages/003781.jpg,Annotations/003781.xml
003784,JPEGImages/003784.jpg,Annotations/003784.xml
003786,JPEGImages/003786.jpg,Annotations/003786.xml
003788,JPEGImages/003788.jpg,Annotations/003788.xml
003790,JPEGImages/003790.jpg,Annotations/003790.xml
003792,JPEGImages/003792.jpg,Annotations/003792.xml
003797,JPEGImages/003797.jpg,Annotations/003797.xml
003806,JPEGImages/003806.jpg,Annotations/003806.xml
003807,JPEGImages/003807.jpg,Annotations/003807.xml
003811,JPEGImages/003811.jpg,Annotations/003811.xml
003817,JPEGImages/003817.jpg,Annotations/003817.xml
003818,JPEGImages/003818.jpg,Annotations/003818.xml
003824,JPEGImages/003824.jpg,Annotations/003824.xml
003827,JPEGImages/003827.jpg,Annotations/003827.xml
003828,JPEGImages/003828.jpg,Annotations/003828.xml
003830,JPEGImages/003830.jpg,Annotations/003830.xml
003834,JPEGImages/003834.jpg,Annotations/003834.xml
003835,JPEGImages/003835.jpg,Annotations/003835.xml
003847,JPEGImages/003847.jpg,Annotations/003847.xml
003849,JPEGImages/003849.jpg,Annotations/003849.xml
003856,JPEGImages/003856.jpg,Annotations/003856.xml
003859,JPEGImages/003859.jpg,Annotations/003859.xml
003860,JPEGImages/003860.jpg,Annotations/003860.xml
003861,JPEGImages/003861.jpg,Annotations/003861.xml
003865,JPEGImages/003865.jpg,Annotations/003865.xml
003866,JPEGImages/003866.jpg,Annotations/003866.xml
003874,JPEGImages/003874.jpg,Annotations/003874.xml
003879,JPEGImages/003879.jpg,Annotations/003879.xml
003887,JPEGImages/003887.jpg,Annotations/003887.xml
003889,JPEGImages/003889.jpg,Annotations/003889.xml
003890,JPEGImages/003890.jpg,Annotations/003890.xml
003898,JPEGImages/003898.jpg,Annotations/003898.xml
003899,JPEGImages/003899.jpg,Annotations/003899.xml
003907,JPEGImages/003907.jpg,Annotations/003907.xml
003912,JPEGImages/003912.jpg,Annotations/003912.xml
003913,JPEGImages/003913.jpg,Annotations/003913.xml
003921,JPEGImages/003921.jpg,Annotations/003921.xml
003932,JPEGImages/003932.jpg,Annotations/003932.xml
003935,JPEGImages/003935.jpg,Annotations/003935.xml
003936,JPEGImages/003936.jpg,Annotations/003936.xml
003939,JPEGImages/003939.jpg,Annotations/003939.xml
003945,JPEGImages/003945.jpg,Annotations/003945.xml
003949,JPEGImages/003949.jpg,Annotations/003949.xml
003953,JPEGImages/003953.jpg,Annotations/003953.xml
003956,JPEGImages/003956.jpg,Annotations/003956.xml
003961,JPEGImages/003961.jpg,Annotations/003961.xml
003969,JPEGImages/003969.jpg,Annotations/003969.xml
003970,JPEGImages/003970.jpg,Annotations/003970.xml
003971,JPEGImages/003971.jpg,Annotations/003971.xml
003974,JPEGImages/003974.jpg,Annotations/003974.xml
003983,JPEGImages/003983.jpg,Annotations/003983.xml
003987,JPEGImages/003987.jpg,Annotations/003987.xml
003988,JPEGImages/003988.jpg,Annotations/003988.xml
003991,JPEGImages/003991.jpg,Annotations/003991.xml
003993,JPEGImages/003993.jpg,Annotations/003993.xml
003997,JPEGImages/003997.jpg,Annotations/003997.xml
003998,JPEGImages/003998.jpg,Annotations/003998.xml
004005,JPEGImages/004005.jpg,Annotations/004005.xml
004008,JPEGImages/004008.jpg,Annotations/004008.xml
004009,JPEGImages/004009.jpg,Annotations/004009.xml
004012,JPEGImages/004012.jpg,Annotations/004012.xml
004013,JPEGImages/004013.jpg,Annotations/004013.xml
004014,JPEGImages/004014.jpg,Annotations/004014.xml
004016,JPEGImages/004016.jpg,Annotations/004016.xml
004017,JPEGImages/004017.jpg,Annotations/004017.xml
004019,JPEGImages/004019.jpg,Annotations/004019.xml
004023,JPEGImages/004023.jpg,Annotations/004023.xml
004028,JPEGImages/004028.jpg,Annotations/004028.xml
004033,JPEGImages/004033.jpg,Annotations/004033.xml
004034,JPEGImages/004034.jpg,Annotations/004034.xml
004035,JPEGImages/004035.jpg,Annotations/004035.xml
004037,JPEGImages/004037.jpg,Annotations/004037.xml
004046,JPEGImages/004046.jpg,Annotations/004046.xml
004052,JPEGImages/004052.jpg,Annotations/004052.xml
004058,JPEGImages/004058.jpg,Annotations/004058.xml
004067,JPEGImages/004067.jpg,Annotations/004067.xml
004091,JPEGImages/004091.jpg,Annotations/004091.xml
004092,JPEGImages/004092.jpg,Annotations/004092.xml
004093,JPEGImages/004093.jpg,Annotations/004093.xml
004095,JPEGImages/004095.jpg,Annotations/004095.xml
004100,JPEGImages/004100.jpg,Annotations/004100.xml
004106,JPEGImages/004106.jpg,Annotations/004106.xml
004111,JPEGImages/004111.jpg,Annotations/004111.xml
004120,JPEGImages/004120.jpg,Annotations/004120.xml
004121,JPEGImages/004121.jpg,Annotations/004121.xml
004129,JPEGImages/004129.jpg,Annotations/004129.xml
004131,JPEGImages/004131.jpg,Annotations/004131.xml
004133,JPEGImages/004133.jpg,Annotations/004133.xml
004136,JPEGImages/004136.jpg,Annotations/004136.xml
004137,JPEGImages/004137.jpg,Annotations/004137.xml
004138,JPEGImages/004138.jpg,Annotations/004138.xml
004140,JPEGImages/004140.jpg,Annotations/004140.xml
004146,JPEGImages/004146.jpg,Annotations/004146.xml
004149,JPEGImages/004149.jpg,Annotations/004149.xml
004152,JPEGImages/004152.jpg,Annotations/004152.xml
004158,JPEGImages/004158.jpg,Annotations/004158.xml
004163,JPEGImages/004163.jpg,Annotations/004163.xml
004164,JPEGImages/004164.jpg,Annotations/004164.xml
004168,JPEGImages/004168.jpg,Annotations/004168.xml
004169,JPEGImages/004169.jpg,Annotations/004169.xml
004170,JPEGImages/004170.jpg,Annotations/004170.xml
004171,JPEGImages/004171.jpg,Annotations/004171.xml
004189,JPEGImages/004189.jpg,Annotations/004189.xml
004190,JPEGImages/004190.jpg,Annotations/004190.xml
004196,JPEGImages/004196.jpg,Annotations/004196.xml
004200,JPEGImages/004200.jpg,Annotations/004200.xml
004201,JPEGImages/004201.jpg,Annotations/004201.xml
004209,JPEGImages/004209.jpg,Annotations/004209.xml
004215,JPEGImages/004215.jpg,Annotations/004215.xml
004220,JPEGImages/004220.jpg,Annotations/004220.xml
004221,JPEGImages/004221.jpg,Annotations/004221.xml
004223,JPEGImages/004223.jpg,Annotations/004223.xml
004224,JPEGImages/004224.jpg,Annotations/004224.xml
004228,JPEGImages/004228.jpg,Annotations/004228.xml
004231,JPEGImages/004231.jpg,Annotations/004231.xml
004232,JPEGImages/004232.jpg,Annotations/004232.xml
004237,JPEGImages/004237.jpg,Annotations/004237.xml
004241,JPEGImages/004241.jpg,Annotations/004241.xml
004242,JPEGImages/004242.jpg,Annotations/004242.xml
004244,JPEGImages/004244.jpg,Annotations/004244.xml
004247,JPEGImages/004247.jpg,Annotations/004247.xml
004253,JPEGImages/004253.jpg,Annotations/004253.xml
004255,JPEGImages/004255.jpg,Annotations/004255.xml
004256,JPEGImages/004256.jpg,Annotations/004256.xml
004263,JPEGImages/004263.jpg,Annotations/004263.xml
004269,JPEGImages/004269.jpg,Annotations/004269.xml
004270,JPEGImages/004270.jpg,Annotations/004270.xml
004271,JPEGImages/004271.jpg,Annotations/004271.xml
004272,JPEGImages/004272.jpg,Annotations/004272.xml
004273,JPEGImages/004273.jpg,Annotations/004273.xml
004280,JPEGImages/004280.jpg,Annotations/004280.xml
004281,JPEGImages/004281.jpg,Annotations/004281.xml
004283,JPEGImages/004283.jpg,Annotations/004283.xml
004287,JPEGImages/004287.jpg,Annotations/004287.xml
004291,JPEGImages/004291.jpg,Annotations/004291.xml
004292,JPEGImages/004292.jpg,Annotations/004292.xml
004296,JPEGImages/004296.jpg,Annotations/004296.xml
004300,JPEGImages/004300.jpg,Annotations/004300.xml
004303,JPEGImages/004303.jpg,Annotations/004303.xml
004307,JPEGImages/004307.jpg,Annotations/004307.xml
004315,JPEGImages/004315.jpg,Annotations/004315.xml
004318,JPEGImages/004318.jpg,Annotations/004318.xml
004322,JPEGImages/004322.jpg,Annotations/004322.xml
004325,JPEGImages/004325.jpg,Annotations/004325.xml
004327,JPEGImages/004327.jpg,Annotations/004327.xml
004333,JPEGImages/004333.jpg,Annotations/004333.xml
004338,JPEGImages/004338.jpg,Annotations/004338.xml
004339,JPEGImages/004339.jpg,Annotations/004339.xml
004345,JPEGImages/004345.jpg,Annotations/004345.xml
004347,JPEGImages/004347.jpg,Annotations/004347.xml
004359,JPEGImages/004359.jpg,Annotations/004359.xml
004360,JPEGImages/004360.jpg,Annotations/004360.xml
004361,JPEGImages/004361.jpg,Annotations/004361.xml
004365,JPEGImages/004365.jpg,Annotations/004365.xml
004367,JPEGImages/004367.jpg,Annotations/004367.xml
004370,JPEGImages/004370.jpg,Annotations/004370.xml
004371,JPEGImages/004371.jpg,Annotations/004371.xml
004372,JPEGImages/004372.jpg,Annotations/004372.xml
004376,JPEGImages/004376.jpg,Annotations/004376.xml
004379,JPEGImages/004379.jpg,Annotations/004379.xml
004386,JPEGImages/004386.jpg,Annotations/004386.xml
004387,JPEGImages/004387.jpg,Annotations/004387.xml
004389,JPEGImages/004389.jpg,Annotations/004389.xml
004391,JPEGImages/004391.jpg,Annotations/004391.xml
004392,JPEGImages/004392.jpg,Annotations/004392.xml
004404,JPEGImages/004404.jpg,Annotations/004404.xml
004434,JPEGImages/004434.jpg,Annotations/004434.xml
004436,JPEGImages/004436.jpg,Annotations/004436.xml
004439,JPEGImages/004439.jpg,Annotations/004439.xml
004441,JPEGImages/004441.jpg,Annotations/004441.xml
004452,JPEGImages/004452.jpg,Annotations/004452.xml
004470,JPEGImages/004470.jpg,Annotations/004470.xml
004471,JPEGImages/004471.jpg,Annotations/004471.xml
004479,JPEGImages/004479.jpg,Annotations/004479.xml
004481,JPEGImages/004481.jpg,Annotations/004481.xml
004484,JPEGImages/004484.jpg,Annotations/004484.xml
004496,JPEGImages/004496.jpg,Annotations/004496.xml
004500,JPEGImages/004500.jpg,Annotations/004500.xml
004502,JPEGImages/004502.jpg,Annotations/004502.xml
004508,JPEGImages/004508.jpg,Annotations/004508.xml
004510,JPEGImages/004510.jpg,Annotations/004510.xml
004514,JPEGImages/004514.jpg,Annotations/004514.xml
004517,JPEGImages/004517.jpg,Annotations/004517.xml
004519,JPEGImages/004519.jpg,Annotations/004519.xml
004520,JPEGImages/004520.jpg,Annotations/004520.xml
004524,JPEGImages/004524.jpg,Annotations/004524.xml
004526,JPEGImages/004526.jpg,Annotations/004526.xml
004537,JPEGImages/004537.jpg,Annotations/004537.xml
004540,JPEGImages/004540.jpg,Annotations/004540.xml
004544,JPEGImages/004544.jpg,Annotations/004544.xml
004548,JPEGImages/004548.jpg,Annotations/004548.xml
004549,JPEGImages/004549.jpg,Annotations/004549.xml
004551,JPEGImages/004551.jpg,Annotations/004551.xml
004553,JPEGImages/004553.jpg,Annotations/004553.xml
004562,JPEGImages/004562.jpg,Annotations/004562.xml
004563,JPEGImages/004563.jpg,Annotations/004563.xml
004565,JPEGImages/004565.jpg,Annotations/004565.xml
004566,JPEGImages/004566.jpg,Annotations/004566.xml
004570,JPEGImages/004570.jpg,Annotations/004570.xml
004571,JPEGImages/004571.jpg,Annotations/004571.xml
004576,JPEGImages/004576.jpg,Annotations/004576.xml
004579,JPEGImages/004579.jpg,Annotations/004579.xml
004584,JPEGImages/004584.jpg,Annotations/004584.xml
004587,JPEGImages/004587.jpg,Annotations/004587.xml
004591,JPEGImages/004591.jpg,Annotations/004591.xml
004595,JPEGImages/004595.jpg,Annotations/004595.xml
004597,JPEGImages/004597.jpg,Annotations/004597.xml
004604,JPEGImages/004604.jpg,Annotations/004604.xml
004605,JPEGImages/004605.jpg,Annotations/004605.xml
004607,JPEGImages/004607.jpg,Annotations/004607.xml
004611,JPEGImages/004611.jpg,Annotations/004611.xml
004612,JPEGImages/004612.jpg,Annotations/004612.xml
004622,JPEGImages/004622.jpg,Annotations/004622.xml
004623,JPEGImages/004623.jpg,Annotations/004623.xml
004625,JPEGImages/004625.jpg,Annotations/004625.xml
004627,JPEGImages/004627.jpg,Annotations/004627.xml
004628,JPEGImages/004628.jpg,Annotations/004628.xml
004631,JPEGImages/004631.jpg,Annotations/004631.xml
004634,JPEGImages/004634.jpg,Annotations/004634.xml
004636,JPEGImages/004636.jpg,Annotations/004636.xml
004643,JPEGImages/004643.jpg,Annotations/004643.xml
004644,JPEGImages/004644.jpg,Annotations/004644.xml
004648,JPEGImages/004648.jpg,Annotations/004648.xml
004651,JPEGImages/004651.jpg,Annotations/004651.xml
004656,JPEGImages/004656.jpg,Annotations/004656.xml
004671,JPEGImages/004671.jpg,Annotations/004671.xml
004675,JPEGImages/004675.jpg,Annotations/004675.xml
004679,JPEGImages/004679.jpg,Annotations/004679.xml
004683,JPEGImages/004683.jpg,Annotations/004683.xml
004685,JPEGImages/004685.jpg,Annotations/004685.xml
004686,JPEGImages/004686.jpg,Annotations/004686.xml
004687,JPEGImages/004687.jpg,Annotations/004687.xml
004691,JPEGImages/004691.jpg,Annotations/004691.xml
004693,JPEGImages/004693.jpg,Annotations/004693.xml
004694,JPEGImages/004694.jpg,Annotations/004694.xml
004701,JPEGImages/004701.jpg,Annotations/004701.xml
004702,JPEGImages/004702.jpg,Annotations/004702.xml
004705,JPEGImages/004705.jpg,Annotations/004705.xml
004706,JPEGImages/004706.jpg,Annotations/004706.xml
004710,JPEGImages/004710.jpg,Annotations/004710.xml
004714,JPEGImages/004714.jpg,Annotations/004714.xml
004715,JPEGImages/004715.jpg,Annotations/004715.xml
004718,JPEGImages/004718.jpg,Annotations/004718.xml
004723,JPEGImages/004723.jpg,Annotations/004723.xml
004735,JPEGImages/004735.jpg,Annotations/004735.xml
004737,JPEGImages/004737.jpg,Annotations/004737.xml
004742,JPEGImages/004742.jpg,Annotations/004742.xml
004743,JPEGImages/004743.jpg,Annotations/004743.xml
004747,JPEGImages/004747.jpg,Annotations/004747.xml
004748,JPEGImages/004748.jpg,Annotations/004748.xml
004753,JPEGImages/004753.jpg,Annotations/004753.xml
004754,JPEGImages/004754.jpg,Annotations/004754.xml
004760,JPEGImages/004760.jpg,Annotations/004760.xml
004773,JPEGImages/004773.jpg,Annotations/004773.xml
004776,JPEGImages/004776.jpg,Annotations/004776.xml
004779,JPEGImages/004779.jpg,Annotations/004779.xml
004782,JPEGImages/004782.jpg,Annotations/004782.xml
004783,JPEGImages/004783.jpg,Annotations/004783.xml
004790,JPEGImages/004790.jpg,Annotations/004790.xml
004792,JPEGImages/004792.jpg,Annotations/004792.xml
004793,JPEGImages/004793.jpg,Annotations/004793.xml
004794,JPEGImages/004794.jpg,Annotations/004794.xml
004797,JPEGImages/004797.jpg,Annotations/004797.xml
004799,JPEGImages/004799.jpg,Annotations/004799.xml
004801,JPEGImages/004801.jpg,Annotations/004801.xml
004808,JPEGImages/004808.jpg,Annotations/004808.xml
004815,JPEGImages/004815.jpg,Annotations/004815.xml
004823,JPEGImages/004823.jpg,Annotations/004823.xml
004828,JPEGImages/004828.jpg,Annotations/004828.xml
004830,JPEGImages/004830.jpg,Annotations/004830.xml
004832,JPEGImages/004832.jpg,Annotations/004832.xml
004836,JPEGImages/004836.jpg,Annotations/004836.xml
004837,JPEGImages/004837.jpg,Annotations/004837.xml
004841,JPEGImages/004841.jpg,Annotations/004841.xml
004842,JPEGImages/004842.jpg,Annotations/004842.xml
004846,JPEGImages/004846.jpg,Annotations/004846.xml
004848,JPEGImages/004848.jpg,Annotations/004848.xml
004849,JPEGImages/004849.jpg,Annotations/004849.xml
004857,JPEGImages/004857.jpg,Annotations/004857.xml
004869,JPEGImages/004869.jpg,Annotations/004869.xml
004873,JPEGImages/004873.jpg,Annotations/004873.xml
004876,JPEGImages/004876.jpg,Annotations/004876.xml
004879,JPEGImages/004879.jpg,Annotations/004879.xml
004882,JPEGImages/004882.jpg,Annotations/004882.xml
004885,JPEGImages/004885.jpg,Annotations/004885.xml
004897,JPEGImages/004897.jpg,Annotations/004897.xml
004898,JPEGImages/004898.jpg,Annotations/004898.xml
004902,JPEGImages/004902.jpg,Annotations/004902.xml
004905,JPEGImages/004905.jpg,Annotations/004905.xml
004907,JPEGImages/004907.jpg,Annotations/004907.xml
004910,JPEGImages/004910.jpg,Annotations/004910.xml
004911,JPEGImages/004911.jpg,Annotations/004911.xml
004913,JPEGImages/004913.jpg,Annotations/004913.xml
004929,JPEGImages/004929.jpg,Annotations/004929.xml
004946,JPEGImages/004946.jpg,Annotations/004946.xml
004951,JPEGImages/004951.jpg,Annotations/004951.xml
004955,JPEGImages/004955.jpg,Annotations/004955.xml
004958,JPEGImages/004958.jpg,Annotations/004958.xml
004961,JPEGImages/004961.jpg,Annotations/004961.xml
004962,JPEGImages/004962.jpg,Annotations/004962.xml
004966,JPEGImages/004966.jpg,Annotations/004966.xml
004968,JPEGImages/004968.jpg,Annotations/004968.xml
004972,JPEGImages/004972.jpg,Annotations/004972.xml
004973,JPEGImages/004973.jpg,Annotations/004973.xml
004974,JPEGImages/004974.jpg,Annotations/004974.xml
004976,JPEGImages/004976.jpg,Annotations/004976.xml
004984,JPEGImages/004984.jpg,Annotations/004984.xml
004987,JPEGImages/004987.jpg,Annotations/004987.xml
004990,JPEGImages/004990.jpg,Annotations/004990.xml
004991,JPEGImages/004991.jpg,Annotations/004991.xml
004992,JPEGImages/004992.jpg,Annotations/004992.xml
004995,JPEGImages/004995.jpg,Annotations/004995.xml
005001,JPEGImages/005001.jpg,Annotations/005001.xml
005004,JPEGImages/005004.jpg,Annotations/005004.xml
005006,JPEGImages/005006.jpg,Annotations/005006.xml
005007,JPEGImages/005007.jpg,Annotations/005007.xml
005016,JPEGImages/005016.jpg,Annotations/005016.xml
005018,JPEGImages/005018.jpg,Annotations/005018.xml
005020,JPEGImages/005020.jpg,Annotations/005020.xml
005023,JPEGImages/005023.jpg,Annotations/005023.xml
005024,JPEGImages/005024.jpg,Annotations/005024.xml
005026,JPEGImages/005026.jpg,Annotations/005026.xml
005027,JPEGImages/005027.jpg,Annotations/005027.xml
005029,JPEGImages/005029.jpg,Annotations/005029.xml
005032,JPEGImages/005032.jpg,Annotations/005032.xml
005033,JPEGImages/005033.jpg,Annotations/005033.xml
005045,JPEGImages/005045.jpg,Annotations/005045.xml
005047,JPEGImages/005047.jpg,Annotations/005047.xml
005052,JPEGImages/005052.jpg,Annotations/005052.xml
005057,JPEGImages/005057.jpg,Annotations/005057.xml
005058,JPEGImages/005058.jpg,Annotations/005058.xml
005061,JPEGImages/005061.jpg,Annotations/005061.xml
005065,JPEGImages/005065.jpg,Annotations/005065.xml
005068,JPEGImages/005068.jpg,Annotations/005068.xml
005071,JPEGImages/005071.jpg,Annotations/005071.xml
005073,JPEGImages/005073.jpg,Annotations/005073.xml
005078,JPEGImages/005078.jpg,Annotations/005078.xml
005084,JPEGImages/005084.jpg,Annotations/005084.xml
005086,JPEGImages/005086.jpg,Annotations/005086.xml
005090,JPEGImages/005090.jpg,Annotations/005090.xml
005093,JPEGImages/005093.jpg,Annotations/005093.xml
005094,JPEGImages/005094.jpg,Annotations/005094.xml
005097,JPEGImages/005097.jpg,Annotations/005097.xml
005101,JPEGImages/005101.jpg,Annotations/005101.xml
005107,JPEGImages/005107.jpg,Annotations/005107.xml
005108,JPEGImages/005108.jpg,Annotations/005108.xml
005114,JPEGImages/005114.jpg,Annotations/005114.xml
005121,JPEGImages/005121.jpg,Annotations/005121.xml
005122,JPEGImages/005122.jpg,Annotations/005122.xml
005124,JPEGImages/005124.jpg,Annotations/005124.xml
005129,JPEGImages/005129.jpg,Annotations/005129.xml
005130,JPEGImages/005130.jpg,Annotations/005130.xml
005134,JPEGImages/005134.jpg,Annotations/005134.xml
005138,JPEGImages/005138.jpg,Annotations/005138.xml
005143,JPEGImages/005143.jpg,Annotations/005143.xml
005153,JPEGImages/005153.jpg,Annotations/005153.xml
005156,JPEGImages/005156.jpg,Annotations/005156.xml
005168,JPEGImages/005168.jpg,Annotations/005168.xml
005169,JPEGImages/005169.jpg,Annotations/005169.xml
005171,JPEGImages/005171.jpg,Annotations/005171.xml
005173,JPEGImages/005173.jpg,Annotations/005173.xml
005177,JPEGImages/005177.jpg,Annotations/005177.xml
005181,JPEGImages/005181.jpg,Annotations/005181.xml
005183,JPEGImages/005183.jpg,Annotations/005183.xml
005186,JPEGImages/005186.jpg,Annotations/005186.xml
005189,JPEGImages/005189.jpg,Annotations/005189.xml
005190,JPEGImages/005190.jpg,Annotations/005190.xml
005191,JPEGImages/005191.jpg,Annotations/005191.xml
005202,JPEGImages/005202.jpg,Annotations/005202.xml
005203,JPEGImages/005203.jpg,Annotations/005203.xml
005208,JPEGImages/005208.jpg,Annotations/005208.xml
005215,JPEGImages/005215.jpg,Annotations/005215.xml
005217,JPEGImages/005217.jpg,Annotations/005217.xml
005219,JPEGImages/005219.jpg,Annotations/005219.xml
005223,JPEGImages/005223.jpg,Annotations/005223.xml
005231,JPEGImages/005231.jpg,Annotations/005231.xml
005236,JPEGImages/005236.jpg,Annotations/005236.xml
005244,JPEGImages/005244.jpg,Annotations/005244.xml
005245,JPEGImages/005245.jpg,Annotations/005245.xml
005246,JPEGImages/005246.jpg,Annotations/005246.xml
005257,JPEGImages/005257.jpg,Annotations/005257.xml
005258,JPEGImages/005258.jpg,Annotations/005258.xml
005259,JPEGImages/005259.jpg,Annotations/005259.xml
005260,JPEGImages/005260.jpg,Annotations/005260.xml
005262,JPEGImages/005262.jpg,Annotations/005262.xml
005269,JPEGImages/005269.jpg,Annotations/005269.xml
005273,JPEGImages/005273.jpg,Annotations/005273.xml
005283,JPEGImages/005283.jpg,Annotations/005283.xml
005285,JPEGImages/005285.jpg,Annotations/005285.xml
005288,JPEGImages/005288.jpg,Annotations/005288.xml
005290,JPEGImages/005290.jpg,Annotations/005290.xml
005292,JPEGImages/005292.jpg,Annotations/005292.xml
005297,JPEGImages/005297.jpg,Annotations/005297.xml
005303,JPEGImages/005303.jpg,Annotations/005303.xml
005304,JPEGImages/005304.jpg,Annotations/005304.xml
005307,JPEGImages/005307.jpg,Annotations/005307.xml
005310,JPEGImages/005310.jpg,Annotations/005310.xml
005311,JPEGImages/005311.jpg,Annotations/005311.xml
005318,JPEGImages/005318.jpg,Annotations/005318.xml
005327,JPEGImages/005327.jpg,Annotations/005327.xml
005336,JPEGImages/005336.jpg,Annotations/005336.xml
005337,JPEGImages/005337.jpg,Annotations/005337.xml
005338,JPEGImages/005338.jpg,Annotations/005338.xml
005344,JPEGImages/005344.jpg,Annotations/005344.xml
005345,JPEGImages/005345.jpg,Annotations/005345.xml
005351,JPEGImages/005351.jpg,Annotations/005351.xml
005358,JPEGImages/005358.jpg,Annotations/005358.xml
005360,JPEGImages/005360.jpg,Annotations/005360.xml
005363,JPEGImages/005363.jpg,Annotations/005363.xml
005368,JPEGImages/005368.jpg,Annotations/005368.xml
005369,JPEGImages/005369.jpg,Annotations/005369.xml
005373,JPEGImages/005373.jpg,Annotations/005373.xml
005374,JPEGImages/005374.jpg,Annotations/005374.xml
005387,JPEGImages/005387.jpg,Annotations/005387.xml
005388,JPEGImages/005388.jpg,Annotations/005388.xml
005389,JPEGImages/005389.jpg,Annotations/005389.xml
005391,JPEGImages/005391.jpg,Annotations/005391.xml
005396,JPEGImages/005396.jpg,Annotations/005396.xml
005404,JPEGImages/005404.jpg,Annotations/005404.xml
005405,JPEGImages/005405.jpg,Annotations/005405.xml
005406,JPEGImages/005406.jpg,Annotations/005406.xml
005408,JPEGImages/005408.jpg,Annotations/005408.xml
005410,JPEGImages/005410.jpg,Annotations/005410.xml
005413,JPEGImages/005413.jpg,Annotations/005413.xml
005414,JPEGImages/005414.jpg,Annotations/005414.xml
005417,JPEGImages/005417.jpg,Annotations/005417.xml
005420,JPEGImages/005420.jpg,Annotations/005420.xml
005424,JPEGImages/005424.jpg,Annotations/005424.xml
005433,JPEGImages/005433.jpg,Annotations/005433.xml
005440,JPEGImages/005440.jpg,Annotations/005440.xml
005445,JPEGImages/005445.jpg,Annotations/005445.xml
005448,JPEGImages/005448.jpg,Annotations/005448.xml
005450,JPEGImages/005450.jpg,Annotations/005450.xml
005451,JPEGImages/005451.jpg,Annotations/005451.xml
005453,JPEGImages/005453.jpg,Annotations/005453.xml
005455,JPEGImages/005455.jpg,Annotations/005455.xml
005457,JPEGImages/005457.jpg,Annotations/005457.xml
005467,JPEGImages/005467.jpg,Annotations/005467.xml
005478,JPEGImages/005478.jpg,Annotations/005478.xml
005483,JPEGImages/005483.jpg,Annotations/005483.xml
005487,JPEGImages/005487.jpg,Annotations/005487.xml
005489,JPEGImages/005489.jpg,Annotations/005489.xml
005496,JPEGImages/005496.jpg,Annotations/005496.xml
005499,JPEGImages/005499.jpg,Annotations/005499.xml
005508,JPEGImages/005508.jpg,Annotations/005508.xml
005509,JPEGImages/005509.jpg,Annotations/005509.xml
005511,JPEGImages/005511.jpg,Annotations/005511.xml
005514,JPEGImages/005514.jpg,Annotations/005514.xml
005515,JPEGImages/005515.jpg,Annotations/005515.xml
005519,JPEGImages/005519.jpg,Annotations/005519.xml
005524,JPEGImages/005524.jpg,Annotations/005524.xml
005526,JPEGImages/005526.jpg,Annotations/005526.xml
005527,JPEGImages/005527.jpg,Annotations/005527.xml
005536,JPEGImages/005536.jpg,Annotations/005536.xml
005541,JPEGImages/005541.jpg,Annotations/005541.xml
005542,JPEGImages/005542.jpg,Annotations/005542.xml
005544,JPEGImages/005544.jpg,Annotations/005544.xml
005547,JPEGImages/005547.jpg,Annotations/005547.xml
005563,JPEGImages/005563.jpg,Annotations/005563.xml
005566,JPEGImages/005566.jpg,Annotations/005566.xml
005568,JPEGImages/005568.jpg,Annotations/005568.xml
005574,JPEGImages/005574.jpg,Annotations/005574.xml
005579,JPEGImages/005579.jpg,Annotations/005579.xml
005582,JPEGImages/005582.jpg,Annotations/005582.xml
005585,JPEGImages/005585.jpg,Annotations/005585.xml
005591,JPEGImages/005591.jpg,Annotations/005591.xml
005592,JPEGImages/005592.jpg,Annotations/005592.xml
005599,JPEGImages/005599.jpg,Annotations/005599.xml
005600,JPEGImages/005600.jpg,Annotations/005600.xml
005601,JPEGImages/005601.jpg,Annotations/005601.xml
005603,JPEGImages/005603.jpg,Annotations/005603.xml
005605,JPEGImages/005605.jpg,Annotations/005605.xml
005609,JPEGImages/005609.jpg,Annotations/005609.xml
005611,JPEGImages/005611.jpg,Annotations/005611.xml
005624,JPEGImages/005624.jpg,Annotations/005624.xml
005625,JPEGImages/005625.jpg,Annotations/005625.xml
005630,JPEGImages/005630.jpg,Annotations/005630.xml
005631,JPEGImages/005631.jpg,Annotations/005631.xml
005636,JPEGImages/005636.jpg,Annotations/005636.xml
005637,JPEGImages/005637.jpg,Annotations/005637.xml
005639,JPEGImages/005639.jpg,Annotations/005639.xml
005644,JPEGImages/005644.jpg,Annotations/005644.xml
005648,JPEGImages/005648.jpg,Annotations/005648.xml
005654,JPEGImages/005654.jpg,Annotations/005654.xml
005658,JPEGImages/005658.jpg,Annotations/005658.xml
005668,JPEGImages/005668.jpg,Annotations/005668.xml
005669,JPEGImages/005669.jpg,Annotations/005669.xml
005680,JPEGImages/005680.jpg,Annotations/005680.xml
005686,JPEGImages/005686.jpg,Annotations/005686.xml
005695,JPEGImages/005695.jpg,Annotations/005695.xml
005697,JPEGImages/005697.jpg,Annotations/005697.xml
005699,JPEGImages/005699.jpg,Annotations/005699.xml
005700,JPEGImages/005700.jpg,Annotations/005700.xml
005704,JPEGImages/005704.jpg,Annotations/005704.xml
005705,JPEGImages/005705.jpg,Annotations/005705.xml
005710,JPEGImages/005710.jpg,Annotations/005710.xml
005713,JPEGImages/005713.jpg,Annotations/005713.xml
005715,JPEGImages/005715.jpg,Annotations/005715.xml
005718,JPEGImages/005718.jpg,Annotations/005718.xml
005728,JPEGImages/005728.jpg,Annotations/005728.xml
005730,JPEGImages/005730.jpg,Annotations/005730.xml
005731,JPEGImages/005731.jpg,Annotations/005731.xml
005735,JPEGImages/005735.jpg,Annotations/005735.xml
005738,JPEGImages/005738.jpg,Annotations/005738.xml
005740,JPEGImages/005740.jpg,Annotations/005740.xml
005742,JPEGImages/005742.jpg,Annotations/005742.xml
005752,JPEGImages/005752.jpg,Annotations/005752.xml
005756,JPEGImages/005756.jpg,Annotations/005756.xml
005757,JPEGImages/005757.jpg,Annotations/005757.xml
005764,JPEGImages/005764.jpg,Annotations/005764.xml
005765,JPEGImages/005765.jpg,Annotations/005765.xml
005769,JPEGImages/005769.jpg,Annotations/005769.xml
005780,JPEGImages/005780.jpg,Annotations/005780.xml
005782,JPEGImages/005782.jpg,Annotations/005782.xml
005783,JPEGImages/005783.jpg,Annotations/005783.xml
005784,JPEGImages/005784.jpg,Annotations/005784.xml
005786,JPEGImages/005786.jpg,Annotations/005786.xml
005789,JPEGImages/005789.jpg,Annotations/005789.xml
005796,JPEGImages/005796.jpg,Annotations/005796.xml
005803,JPEGImages/005803.jpg,Annotations/005803.xml
005805,JPEGImages/005805.jpg,Annotations/005805.xml
005806,JPEGImages/005806.jpg,Annotations/005806.xml
005813,JPEGImages/005813.jpg,Annotations/005813.xml
005814,JPEGImages/005814.jpg,Annotations/005814.xml
005817,JPEGImages/005817.jpg,Annotations/005817.xml
005821,JPEGImages/005821.jpg,Annotations/005821.xml
005824,JPEGImages/005824.jpg,Annotations/005824.xml
005826,JPEGImages/005826.jpg,Annotations/005826.xml
005831,JPEGImages/005831.jpg,Annotations/005831.xml
005836,JPEGImages/005836.jpg,Annotations/005836.xml
005838,JPEGImages/005838.jpg,Annotations/005838.xml
005840,JPEGImages/005840.jpg,Annotations/005840.xml
005843,JPEGImages/005843.jpg,Annotations/005843.xml
005850,JPEGImages/005850.jpg,Annotations/005850.xml
005851,JPEGImages/005851.jpg,Annotations/005851.xml
005859,JPEGImages/005859.jpg,Annotations/005859.xml
005860,JPEGImages/005860.jpg,Annotations/005860.xml
005861,JPEGImages/005861.jpg,Annotations/005861.xml
005864,JPEGImages/005864.jpg,Annotations/005864.xml
005867,JPEGImages/005867.jpg,Annotations/005867.xml
005873,JPEGImages/005873.jpg,Annotations/005873.xml
005881,JPEGImages/005881.jpg,Annotations/005881.xml
005884,JPEGImages/005884.jpg,Annotations/005884.xml
005885,JPEGImages/005885.jpg,Annotations/005885.xml
005888,JPEGImages/005888.jpg,Annotations/005888.xml
005889,JPEGImages/005889.jpg,Annotations/005889.xml
005893,JPEGImages/005893.jpg,Annotations/005893.xml
005895,JPEGImages/005895.jpg,Annotations/005895.xml
005899,JPEGImages/005899.jpg,Annotations/005899.xml
005901,JPEGImages/005901.jpg,Annotations/005901.xml
005903,JPEGImages/005903.jpg,Annotations/005903.xml
005905,JPEGImages/005905.jpg,Annotations/005905.xml
005908,JPEGImages/005908.jpg,Annotations/005908.xml
005909,JPEGImages/005909.jpg,Annotations/005909.xml
005910,JPEGImages/005910.jpg,Annotations/005910.xml
005911,JPEGImages/005911.jpg,Annotations/005911.xml
005918,JPEGImages/005918.jpg,Annotations/005918.xml
005920,JPEGImages/005920.jpg,Annotations/005920.xml
005923,JPEGImages/005923.jpg,Annotations/005923.xml
005930,JPEGImages/005930.jpg,Annotations/005930.xml
005938,JPEGImages/005938.jpg,Annotations/005938.xml
005947,JPEGImages/005947.jpg,Annotations/005947.xml
005948,JPEGImages/005948.jpg,Annotations/005948.xml
005951,JPEGImages/005951.jpg,Annotations/005951.xml
005960,JPEGImages/005960.jpg,Annotations/005960.xml
005961,JPEGImages/005961.jpg,Annotations/005961.xml
005964,JPEGImages/005964.jpg,Annotations/005964.xml
005971,JPEGImages/005971.jpg,Annotations/005971.xml
005980,JPEGImages/005980.jpg,Annotations/005980.xml
005983,JPEGImages/005983.jpg,Annotations/005983.xml
005984,JPEGImages/005984.jpg,Annotations/005984.xml
005990,JPEGImages/005990.jpg,Annotations/005990.xml
005992,JPEGImages/005992.jpg,Annotations/005992.xml
006004,JPEGImages/006004.jpg,Annotations/006004.xml
006009,JPEGImages/006009.jpg,Annotations/006009.xml
006011,JPEGImages/006011.jpg,Annotations/006011.xml
006020,JPEGImages/006020.jpg,Annotations/006020.xml
006023,JPEGImages/006023.jpg,Annotations/006023.xml
006025,JPEGImages/006025.jpg,Annotations/006025.xml
006030,JPEGImages/006030.jpg,Annotations/006030.xml
006033,JPEGImages/006033.jpg,Annotations/006033.xml
006038,JPEGImages/006038.jpg,Annotations/006038.xml
006043,JPEGImages/006043.jpg,Annotations/006043.xml
006061,JPEGImages/006061.jpg,Annotations/006061.xml
006065,JPEGImages/006065.jpg,Annotations/006065.xml
006066,JPEGImages/006066.jpg,Annotations/006066.xml
006067,JPEGImages/006067.jpg,Annotations/006067.xml
006070,JPEGImages/006070.jpg,Annotations/006070.xml
006073,JPEGImages/006073.jpg,Annotations/006073.xml
006074,JPEGImages/006074.jpg,Annotations/006074.xml
006078,JPEGImages/006078.jpg,Annotations/006078.xml
006079,JPEGImages/006079.jpg,Annotations/006079.xml
006088,JPEGImages/006088.jpg,Annotations/006088.xml
006091,JPEGImages/006091.jpg,Annotations/006091.xml
006095,JPEGImages/006095.jpg,Annotations/006095.xml
006096,JPEGImages/006096.jpg,Annotations/006096.xml
006100,JPEGImages/006100.jpg,Annotations/006100.xml
006103,JPEGImages/006103.jpg,Annotations/006103.xml
006104,JPEGImages/006104.jpg,Annotations/006104.xml
006105,JPEGImages/006105.jpg,Annotations/006105.xml
006123,JPEGImages/006123.jpg,Annotations/006123.xml
006128,JPEGImages/006128.jpg,Annotations/006128.xml
006130,JPEGImages/006130.jpg,Annotations/006130.xml
006131,JPEGImages/006131.jpg,Annotations/006131.xml
006134,JPEGImages/006134.jpg,Annotations/006134.xml
006135,JPEGImages/006135.jpg,Annotations/006135.xml
006140,JPEGImages/006140.jpg,Annotations/006140.xml
006141,JPEGImages/006141.jpg,Annotations/006141.xml
006156,JPEGImages/006156.jpg,Annotations/006156.xml
006158,JPEGImages/006158.jpg,Annotations/006158.xml
006162,JPEGImages/006162.jpg,Annotations/006162.xml
006166,JPEGImages/006166.jpg,Annotations/006166.xml
006170,JPEGImages/006170.jpg,Annotations/006170.xml
006171,JPEGImages/006171.jpg,Annotations/006171.xml
006172,JPEGImages/006172.jpg,Annotations/006172.xml
006174,JPEGImages/006174.jpg,Annotations/006174.xml
006175,JPEGImages/006175.jpg,Annotations/006175.xml
006176,JPEGImages/006176.jpg,Annotations/006176.xml
006177,JPEGImages/006177.jpg,Annotations/006177.xml
006179,JPEGImages/006179.jpg,Annotations/006179.xml
006180,JPEGImages/006180.jpg,Annotations/006180.xml
006181,JPEGImages/006181.jpg,Annotations/006181.xml
006183,JPEGImages/006183.jpg,Annotations/006183.xml
006187,JPEGImages/006187.jpg,Annotations/006187.xml
006189,JPEGImages/006189.jpg,Annotations/006189.xml
006196,JPEGImages/006196.jpg,Annotations/006196.xml
006208,JPEGImages/006208.jpg,Annotations/006208.xml
006210,JPEGImages/006210.jpg,Annotations/006210.xml
006221,JPEGImages/006221.jpg,Annotations/006221.xml
006223,JPEGImages/006223.jpg,Annotations/006223.xml
006224,JPEGImages/006224.jpg,Annotations/006224.xml
006225,JPEGImages/006225.jpg,Annotations/006225.xml
006229,JPEGImages/006229.jpg,Annotations/006229.xml
006230,JPEGImages/006230.jpg,Annotations/006230.xml
006236,JPEGImages/006236.jpg,Annotations/006236.xml
006238,JPEGImages/006238.jpg,Annotations/006238.xml
006243,JPEGImages/006243.jpg,Annotations/006243.xml
006247,JPEGImages/006247.jpg,Annotations/006247.xml
006250,JPEGImages/006250.jpg,Annotations/006250.xml
006251,JPEGImages/006251.jpg,Annotations/006251.xml
006261,JPEGImages/006261.jpg,Annotations/006261.xml
006262,JPEGImages/006262.jpg,Annotations/006262.xml
006264,JPEGImages/006264.jpg,Annotations/006264.xml
006267,JPEGImages/006267.jpg,Annotations/006267.xml
006270,JPEGImages/006270.jpg,Annotations/006270.xml
006272,JPEGImages/006272.jpg,Annotations/006272.xml
006275,JPEGImages/006275.jpg,Annotations/006275.xml
006279,JPEGImages/006279.jpg,Annotations/006279.xml
006285,JPEGImages/006285.jpg,Annotations/006285.xml
006289,JPEGImages/006289.jpg,Annotations/006289.xml
006290,JPEGImages/006290.jpg,Annotations/006290.xml
006291,JPEGImages/006291.jpg,Annotations/006291.xml
006299,JPEGImages/006299.jpg,Annotations/006299.xml
006304,JPEGImages/006304.jpg,Annotations/006304.xml
006305,JPEGImages/006305.jpg,Annotations/006305.xml
006320,JPEGImages/006320.jpg,Annotations/006320.xml
006329,JPEGImages/006329.jpg,Annotations/006329.xml
006341,JPEGImages/006341.jpg,Annotations/006341.xml
006344,JPEGImages/006344.jpg,Annotations/006344.xml
006349,JPEGImages/006349.jpg,Annotations/006349.xml
006352,JPEGImages/006352.jpg,Annotations/006352.xml
006353,JPEGImages/006353.jpg,Annotations/006353.xml
006362,JPEGImages/006362.jpg,Annotations/006362.xml
006363,JPEGImages/006363.jpg,Annotations/006363.xml
006366,JPEGImages/006366.jpg,Annotations/006366.xml
006367,JPEGImages/006367.jpg,Annotations/006367.xml
006369,JPEGImages/006369.jpg,Annotations/006369.xml
006371,JPEGImages/006371.jpg,Annotations/006371.xml
006374,JPEGImages/006374.jpg,Annotations/006374.xml
006375,JPEGImages/006375.jpg,Annotations/006375.xml
006381,JPEGImages/006381.jpg,Annotations/006381.xml
006382,JPEGImages/006382.jpg,Annotations/006382.xml
006395,JPEGImages/006395.jpg,Annotations/006395.xml
006400,JPEGImages/006400.jpg,Annotations/006400.xml
006411,JPEGImages/006411.jpg,Annotations/006411.xml
006417,JPEGImages/006417.jpg,Annotations/006417.xml
006418,JPEGImages/006418.jpg,Annotations/006418.xml
006419,JPEGImages/006419.jpg,Annotations/006419.xml
006427,JPEGImages/006427.jpg,Annotations/006427.xml
006429,JPEGImages/006429.jpg,Annotations/006429.xml
006433,JPEGImages/006433.jpg,Annotations/006433.xml
006434,JPEGImages/006434.jpg,Annotations/006434.xml
006436,JPEGImages/006436.jpg,Annotations/006436.xml
006438,JPEGImages/006438.jpg,Annotations/006438.xml
006442,JPEGImages/006442.jpg,Annotations/006442.xml
006447,JPEGImages/006447.jpg,Annotations/006447.xml
006448,JPEGImages/006448.jpg,Annotations/006448.xml
006455,JPEGImages/006455.jpg,Annotations/006455.xml
006458,JPEGImages/006458.jpg,Annotations/006458.xml
006459,JPEGImages/006459.jpg,Annotations/006459.xml
006462,JPEGImages/006462.jpg,Annotations/006462.xml
006466,JPEGImages/006466.jpg,Annotations/006466.xml
006470,JPEGImages/006470.jpg,Annotations/006470.xml
006472,JPEGImages/006472.jpg,Annotations/006472.xml
006474,JPEGImages/006474.jpg,Annotations/006474.xml
006475,JPEGImages/006475.jpg,Annotations/006475.xml
006476,JPEGImages/006476.jpg,Annotations/006476.xml
006482,JPEGImages/006482.jpg,Annotations/006482.xml
006483,JPEGImages/006483.jpg,Annotations/006483.xml
006486,JPEGImages/006486.jpg,Annotations/006486.xml
006495,JPEGImages/006495.jpg,Annotations/006495.xml
006499,JPEGImages/006499.jpg,Annotations/006499.xml
006501,JPEGImages/006501.jpg,Annotations/006501.xml
006503,JPEGImages/006503.jpg,Annotations/006503.xml
006506,JPEGImages/006506.jpg,Annotations/006506.xml
006515,JPEGImages/006515.jpg,Annotations/006515.xml
006523,JPEGImages/006523.jpg,Annotations/006523.xml
006524,JPEGImages/006524.jpg,Annotations/006524.xml
006536,JPEGImages/006536.jpg,Annotations/006536.xml
006547,JPEGImages/006547.jpg,Annotations/006547.xml
006548,JPEGImages/006548.jpg,Annotations/006548.xml
006549,JPEGImages/006549.jpg,Annotations/006549.xml
006550,JPEGImages/006550.jpg,Annotations/006550.xml
006551,JPEGImages/006551.jpg,Annotations/006551.xml
006556,JPEGImages/006556.jpg,Annotations/006556.xml
006560,JPEGImages/006560.jpg,Annotations/006560.xml
006564,JPEGImages/006564.jpg,Annotations/006564.xml
006569,JPEGImages/006569.jpg,Annotations/006569.xml
006595,JPEGImages/006595.jpg,Annotations/006595.xml
006597,JPEGImages/006597.jpg,Annotations/006597.xml
006602,JPEGImages/006602.jpg,Annotations/006602.xml
006605,JPEGImages/006605.jpg,Annotations/006605.xml
006609,JPEGImages/006609.jpg,Annotations/006609.xml
006610,JPEGImages/006610.jpg,Annotations/006610.xml
006612,JPEGImages/006612.jpg,Annotations/006612.xml
006622,JPEGImages/006622.jpg,Annotations/006622.xml
006626,JPEGImages/006626.jpg,Annotations/006626.xml
006627,JPEGImages/006627.jpg,Annotations/006627.xml
006635,JPEGImages/006635.jpg,Annotations/006635.xml
006636,JPEGImages/006636.jpg,Annotations/006636.xml
006637,JPEGImages/006637.jpg,Annotations/006637.xml
006638,JPEGImages/006638.jpg,Annotations/006638.xml
006648,JPEGImages/006648.jpg,Annotations/006648.xml
006652,JPEGImages/006652.jpg,Annotations/006652.xml
006654,JPEGImages/006654.jpg,Annotations/006654.xml
006658,JPEGImages/006658.jpg,Annotations/006658.xml
006660,JPEGImages/006660.jpg,Annotations/006660.xml
006674,JPEGImages/006674.jpg,Annotations/006674.xml
006684,JPEGImages/006684.jpg,Annotations/006684.xml
006689,JPEGImages/006689.jpg,Annotations/006689.xml
006694,JPEGImages/006694.jpg,Annotations/006694.xml
006695,JPEGImages/006695.jpg,Annotations/006695.xml
006697,JPEGImages/006697.jpg,Annotations/006697.xml
006698,JPEGImages/006698.jpg,Annotations/006698.xml
006703,JPEGImages/006703.jpg,Annotations/006703.xml
006704,JPEGImages/006704.jpg,Annotations/006704.xml
006706,JPEGImages/006706.jpg,Annotations/006706.xml
006707,JPEGImages/006707.jpg,Annotations/006707.xml
006708,JPEGImages/006708.jpg,Annotations/006708.xml
006714,JPEGImages/006714.jpg,Annotations/006714.xml
006726,JPEGImages/006726.jpg,Annotations/006726.xml
006727,JPEGImages/006727.jpg,Annotations/006727.xml
006731,JPEGImages/006731.jpg,Annotations/006731.xml
006734,JPEGImages/006734.jpg,Annotations/006734.xml
006735,JPEGImages/006735.jpg,Annotations/006735.xml
006736,JPEGImages/006736.jpg,Annotations/006736.xml
006738,JPEGImages/006738.jpg,Annotations/006738.xml
006740,JPEGImages/006740.jpg,Annotations/006740.xml
006748,JPEGImages/006748.jpg,Annotations/006748.xml
006753,JPEGImages/006753.jpg,Annotations/006753.xml
006755,JPEGImages/006755.jpg,Annotations/006755.xml
006766,JPEGImages/006766.jpg,Annotations/006766.xml
006773,JPEGImages/006773.jpg,Annotations/006773.xml
006777,JPEGImages/006777.jpg,Annotations/006777.xml
006781,JPEGImages/006781.jpg,Annotations/006781.xml
006782,JPEGImages/006782.jpg,Annotations/006782.xml
006784,JPEGImages/006784.jpg,Annotations/006784.xml
006794,JPEGImages/006794.jpg,Annotations/006794.xml
006805,JPEGImages/006805.jpg,Annotations/006805.xml
006806,JPEGImages/006806.jpg,Annotations/006806.xml
006810,JPEGImages/006810.jpg,Annotations/006810.xml
006822,JPEGImages/006822.jpg,Annotations/006822.xml
006824,JPEGImages/006824.jpg,Annotations/006824.xml
006825,JPEGImages/006825.jpg,Annotations/006825.xml
006833,JPEGImages/006833.jpg,Annotations/006833.xml
006836,JPEGImages/006836.jpg,Annotations/006836.xml
006839,JPEGImages/006839.jpg,Annotations/006839.xml
006840,JPEGImages/006840.jpg,Annotations/006840.xml
006844,JPEGImages/006844.jpg,Annotations/006844.xml
006845,JPEGImages/006845.jpg,Annotations/006845.xml
006847,JPEGImages/006847.jpg,Annotations/006847.xml
006848,JPEGImages/006848.jpg,Annotations/006848.xml
006849,JPEGImages/006849.jpg,Annotations/006849.xml
006852,JPEGImages/006852.jpg,Annotations/006852.xml
006858,JPEGImages/006858.jpg,Annotations/006858.xml
006864,JPEGImages/006864.jpg,Annotations/006864.xml
006866,JPEGImages/006866.jpg,Annotations/006866.xml
006868,JPEGImages/006868.jpg,Annotations/006868.xml
006869,JPEGImages/006869.jpg,Annotations/006869.xml
006874,JPEGImages/006874.jpg,Annotations/006874.xml
006883,JPEGImages/006883.jpg,Annotations/006883.xml
006887,JPEGImages/006887.jpg,Annotations/006887.xml
006893,JPEGImages/006893.jpg,Annotations/006893.xml
006896,JPEGImages/006896.jpg,Annotations/006896.xml
006899,JPEGImages/006899.jpg,Annotations/006899.xml
006900,JPEGImages/006900.jpg,Annotations/006900.xml
006909,JPEGImages/006909.jpg,Annotations/006909.xml
006910,JPEGImages/006910.jpg,Annotations/006910.xml
006911,JPEGImages/006911.jpg,Annotations/006911.xml
006912,JPEGImages/006912.jpg,Annotations/006912.xml
006914,JPEGImages/006914.jpg,Annotations/006914.xml
006916,JPEGImages/006916.jpg,Annotations/006916.xml
006917,JPEGImages/006917.jpg,Annotations/006917.xml
006919,JPEGImages/006919.jpg,Annotations/006919.xml
006930,JPEGImages/006930.jpg,Annotations/006930.xml
006931,JPEGImages/006931.jpg,Annotations/006931.xml
006939,JPEGImages/006939.jpg,Annotations/006939.xml
006943,JPEGImages/006943.jpg,Annotations/006943.xml
006947,JPEGImages/006947.jpg,Annotations/006947.xml
006948,JPEGImages/006948.jpg,Annotations/006948.xml
006950,JPEGImages/006950.jpg,Annotations/006950.xml
006958,JPEGImages/006958.jpg,Annotations/006958.xml
006959,JPEGImages/006959.jpg,Annotations/006959.xml
006968,JPEGImages/006968.jpg,Annotations/006968.xml
006971,JPEGImages/006971.jpg,Annotations/006971.xml
006976,JPEGImages/006976.jpg,Annotations/006976.xml
006983,JPEGImages/006983.jpg,Annotations/006983.xml
007002,JPEGImages/007002.jpg,Annotations/007002.xml
007003,JPEGImages/007003.jpg,Annotations/007003.xml
007006,JPEGImages/007006.jpg,Annotations/007006.xml
007007,JPEGImages/007007.jpg,Annotations/007007.xml
007011,JPEGImages/007011.jpg,Annotations/007011.xml
007016,JPEGImages/007016.jpg,Annotations/007016.xml
007018,JPEGImages/007018.jpg,Annotations/007018.xml
007023,JPEGImages/007023.jpg,Annotations/007023.xml
007025,JPEGImages/007025.jpg,Annotations/007025.xml
007029,JPEGImages/007029.jpg,Annotations/007029.xml
007033,JPEGImages/007033.jpg,Annotations/007033.xml
007036,JPEGImages/007036.jpg,Annotations/007036.xml
007039,JPEGImages/007039.jpg,Annotations/007039.xml
007040,JPEGImages/007040.jpg,Annotations/007040.xml
007045,JPEGImages/007045.jpg,Annotations/007045.xml
007050,JPEGImages/007050.jpg,Annotations/007050.xml
007062,JPEGImages/007062.jpg,Annotations/007062.xml
007064,JPEGImages/007064.jpg,Annotations/007064.xml
007072,JPEGImages/007072.jpg,Annotations/007072.xml
007073,JPEGImages/007073.jpg,Annotations/007073.xml
007075,JPEGImages/007075.jpg,Annotations/007075.xml
007078,JPEGImages/007078.jpg,Annotations/007078.xml
007079,JPEGImages/007079.jpg,Annotations/007079.xml
007080,JPEGImages/007080.jpg,Annotations/007080.xml
007088,JPEGImages/007088.jpg,Annotations/007088.xml
007089,JPEGImages/007089.jpg,Annotations/007089.xml
007090,JPEGImages/007090.jpg,Annotations/007090.xml
007092,JPEGImages/007092.jpg,Annotations/007092.xml
007093,JPEGImages/007093.jpg,Annotations/007093.xml
007095,JPEGImages/007095.jpg,Annotations/007095.xml
007105,JPEGImages/007105.jpg,Annotations/007105.xml
007108,JPEGImages/007108.jpg,Annotations/007108.xml
007113,JPEGImages/007113.jpg,Annotations/007113.xml
007121,JPEGImages/007121.jpg,Annotations/007121.xml
007125,JPEGImages/007125.jpg,Annotations/007125.xml
007128,JPEGImages/007128.jpg,Annotations/007128.xml
007129,JPEGImages/007129.jpg,Annotations/007129.xml
007130,JPEGImages/007130.jpg,Annotations/007130.xml
007133,JPEGImages/007133.jpg,Annotations/007133.xml
007138,JPEGImages/007138.jpg,Annotations/007138.xml
007150,JPEGImages/007150.jpg,Annotations/007150.xml
007152,JPEGImages/007152.jpg,Annotations/007152.xml
007154,JPEGImages/007154.jpg,Annotations/007154.xml
007159,JPEGImages/007159.jpg,Annotations/007159.xml
007163,JPEGImages/007163.jpg,Annotations/007163.xml
007166,JPEGImages/007166.jpg,Annotations/007166.xml
007168,JPEGImages/007168.jpg,Annotations/007168.xml
007177,JPEGImages/007177.jpg,Annotations/007177.xml
007180,JPEGImages/007180.jpg,Annotations/007180.xml
007182,JPEGImages/007182.jpg,Annotations/007182.xml
007184,JPEGImages/007184.jpg,Annotations/007184.xml
007185,JPEGImages/007185.jpg,Annotations/007185.xml
007193,JPEGImages/007193.jpg,Annotations/007193.xml
007194,JPEGImages/007194.jpg,Annotations/007194.xml
007197,JPEGImages/007197.jpg,Annotations/007197.xml
007205,JPEGImages/007205.jpg,Annotations/007205.xml
007213,JPEGImages/007213.jpg,Annotations/007213.xml
007214,JPEGImages/007214.jpg,Annotations/007214.xml
007219,JPEGImages/007219.jpg,Annotations/007219.xml
007222,JPEGImages/007222.jpg,Annotations/007222.xml
007223,JPEGImages/007223.jpg,Annotations/007223.xml
007234,JPEGImages/007234.jpg,Annotations/007234.xml
007241,JPEGImages/007241.jpg,Annotations/007241.xml
007243,JPEGImages/007243.jpg,Annotations/007243.xml
007250,JPEGImages/007250.jpg,Annotations/007250.xml
007256,JPEGImages/007256.jpg,Annotations/007256.xml
007261,JPEGImages/007261.jpg,Annotations/007261.xml
007263,JPEGImages/007263.jpg,Annotations/007263.xml
007271,JPEGImages/007271.jpg,Annotations/007271.xml
007279,JPEGImages/007279.jpg,Annotations/007279.xml
007285,JPEGImages/007285.jpg,Annotations/007285.xml
007289,JPEGImages/007289.jpg,Annotations/007289.xml
007295,JPEGImages/007295.jpg,Annotations/007295.xml
007298,JPEGImages/007298.jpg,Annotations/007298.xml
007305,JPEGImages/007305.jpg,Annotations/007305.xml
007308,JPEGImages/007308.jpg,Annotations/007308.xml
007322,JPEGImages/007322.jpg,Annotations/007322.xml
007323,JPEGImages/007323.jpg,Annotations/007323.xml
007325,JPEGImages/007325.jpg,Annotations/007325.xml
007327,JPEGImages/007327.jpg,Annotations/007327.xml
007334,JPEGImages/007334.jpg,Annotations/007334.xml
007336,JPEGImages/007336.jpg,Annotations/007336.xml
007351,JPEGImages/007351.jpg,Annotations/007351.xml
007361,JPEGImages/007361.jpg,Annotations/007361.xml
007365,JPEGImages/007365.jpg,Annotations/007365.xml
007369,JPEGImages/007369.jpg,Annotations/007369.xml
007370,JPEGImages/007370.jpg,Annotations/007370.xml
007373,JPEGImages/007373.jpg,Annotations/007373.xml
007375,JPEGImages/007375.jpg,Annotations/007375.xml
007381,JPEGImages/007381.jpg,Annotations/007381.xml
007385,JPEGImages/007385.jpg,Annotations/007385.xml
007389,JPEGImages/007389.jpg,Annotations/007389.xml
007394,JPEGImages/007394.jpg,Annotations/007394.xml
007396,JPEGImages/007396.jpg,Annotations/007396.xml
007398,JPEGImages/007398.jpg,Annotations/007398.xml
007410,JPEGImages/007410.jpg,Annotations/007410.xml
007411,JPEGImages/007411.jpg,Annotations/007411.xml
007413,JPEGImages/007413.jpg,Annotations/007413.xml
007417,JPEGImages/007417.jpg,Annotations/007417.xml
007419,JPEGImages/007419.jpg,Annotations/007419.xml
007421,JPEGImages/007421.jpg,Annotations/007421.xml
007425,JPEGImages/007425.jpg,Annotations/007425.xml
007431,JPEGImages/007431.jpg,Annotations/007431.xml
007437,JPEGImages/007437.jpg,Annotations/007437.xml
007446,JPEGImages/007446.jpg,Annotations/007446.xml
007454,JPEGImages/007454.jpg,Annotations/007454.xml
007458,JPEGImages/007458.jpg,Annotations/007458.xml
007466,JPEGImages/007466.jpg,Annotations/007466.xml
007467,JPEGImages/007467.jpg,Annotations/007467.xml
007468,JPEGImages/007468.jpg,Annotations/007468.xml
007474,JPEGImages/007474.jpg,Annotations/007474.xml
007477,JPEGImages/007477.jpg,Annotations/007477.xml
007479,JPEGImages/007479.jpg,Annotations/007479.xml
007481,JPEGImages/007481.jpg,Annotations/007481.xml
007483,JPEGImages/007483.jpg,Annotations/007483.xml
007490,JPEGImages/007490.jpg,Annotations/007490.xml
007491,JPEGImages/007491.jpg,Annotations/007491.xml
007493,JPEGImages/007493.jpg,Annotations/007493.xml
007497,JPEGImages/007497.jpg,Annotations/007497.xml
007503,JPEGImages/007503.jpg,Annotations/007503.xml
007513,JPEGImages/007513.jpg,Annotations/007513.xml
007519,JPEGImages/007519.jpg,Annotations/007519.xml
007521,JPEGImages/007521.jpg,Annotations/007521.xml
007524,JPEGImages/007524.jpg,Annotations/007524.xml
007526,JPEGImages/007526.jpg,Annotations/007526.xml
007530,JPEGImages/007530.jpg,Annotations/007530.xml
007535,JPEGImages/007535.jpg,Annotations/007535.xml
007536,JPEGImages/007536.jpg,Annotations/007536.xml
007538,JPEGImages/007538.jpg,Annotations/007538.xml
007540,JPEGImages/007540.jpg,Annotations/007540.xml
007544,JPEGImages/007544.jpg,Annotations/007544.xml
007558,JPEGImages/007558.jpg,Annotations/007558.xml
007565,JPEGImages/007565.jpg,Annotations/007565.xml
007566,JPEGImages/007566.jpg,Annotations/007566.xml
007570,JPEGImages/007570.jpg,Annotations/007570.xml
007572,JPEGImages/007572.jpg,Annotations/007572.xml
007575,JPEGImages/007575.jpg,Annotations/007575.xml
007578,JPEGImages/007578.jpg,Annotations/007578.xml
007586,JPEGImages/007586.jpg,Annotations/007586.xml
007590,JPEGImages/007590.jpg,Annotations/007590.xml
007594,JPEGImages/007594.jpg,Annotations/007594.xml
007600,JPEGImages/007600.jpg,Annotations/007600.xml
007601,JPEGImages/007601.jpg,Annotations/007601.xml
007606,JPEGImages/007606.jpg,Annotations/007606.xml
007611,JPEGImages/007611.jpg,Annotations/007611.xml
007619,JPEGImages/007619.jpg,Annotations/007619.xml
007621,JPEGImages/007621.jpg,Annotations/007621.xml
007629,JPEGImages/007629.jpg,Annotations/007629.xml
007631,JPEGImages/007631.jpg,Annotations/007631.xml
007633,JPEGImages/007633.jpg,Annotations/007633.xml
007637,JPEGImages/007637.jpg,Annotations/007637.xml
007653,JPEGImages/007653.jpg,Annotations/007653.xml
007654,JPEGImages/007654.jpg,Annotations/007654.xml
007655,JPEGImages/007655.jpg,Annotations/007655.xml
007663,JPEGImages/007663.jpg,Annotations/007663.xml
007667,JPEGImages/007667.jpg,Annotations/007667.xml
007683,JPEGImages/007683.jpg,Annotations/007683.xml
007685,JPEGImages/007685.jpg,Annotations/007685.xml
007692,JPEGImages/007692.jpg,Annotations/007692.xml
007696,JPEGImages/007696.jpg,Annotations/007696.xml
007697,JPEGImages/007697.jpg,Annotations/007697.xml
007699,JPEGImages/007699.jpg,Annotations/007699.xml
007704,JPEGImages/007704.jpg,Annotations/007704.xml
007713,JPEGImages/007713.jpg,Annotations/007713.xml
007718,JPEGImages/007718.jpg,Annotations/007718.xml
007721,JPEGImages/007721.jpg,Annotations/007721.xml
007729,JPEGImages/007729.jpg,Annotations/007729.xml
007731,JPEGImages/007731.jpg,Annotations/007731.xml
007735,JPEGImages/007735.jpg,Annotations/007735.xml
007736,JPEGImages/007736.jpg,Annotations/007736.xml
007740,JPEGImages/007740.jpg,Annotations/007740.xml
007748,JPEGImages/007748.jpg,Annotations/007748.xml
007749,JPEGImages/007749.jpg,Annotations/007749.xml
007751,JPEGImages/007751.jpg,Annotations/007751.xml
007753,JPEGImages/007753.jpg,Annotations/007753.xml
007762,JPEGImages/007762.jpg,Annotations/007762.xml
007767,JPEGImages/007767.jpg,Annotations/007767.xml
007775,JPEGImages/007775.jpg,Annotations/007775.xml
007777,JPEGImages/007777.jpg,Annotations/007777.xml
007781,JPEGImages/007781.jpg,Annotations/007781.xml
007790,JPEGImages/007790.jpg,Annotations/007790.xml
007791,JPEGImages/007791.jpg,Annotations/007791.xml
007795,JPEGImages/007795.jpg,Annotations/007795.xml
007803,JPEGImages/007803.jpg,Annotations/007803.xml
007809,JPEGImages/007809.jpg,Annotations/007809.xml
007810,JPEGImages/007810.jpg,Annotations/007810.xml
007814,JPEGImages/007814.jpg,Annotations/007814.xml
007819,JPEGImages/007819.jpg,Annotations/007819.xml
007820,JPEGImages/007820.jpg,Annotations/007820.xml
007821,JPEGImages/007821.jpg,Annotations/007821.xml
007831,JPEGImages/007831.jpg,Annotations/007831.xml
007836,JPEGImages/007836.jpg,Annotations/007836.xml
007838,JPEGImages/007838.jpg,Annotations/007838.xml
007840,JPEGImages/007840.jpg,Annotations/007840.xml
007847,JPEGImages/007847.jpg,Annotations/007847.xml
007853,JPEGImages/007853.jpg,Annotations/007853.xml
007854,JPEGImages/007854.jpg,Annotations/007854.xml
007859,JPEGImages/007859.jpg,Annotations/007859.xml
007863,JPEGImages/007863.jpg,Annotations/007863.xml
007864,JPEGImages/007864.jpg,Annotations/007864.xml
007872,JPEGImages/007872.jpg,Annotations/007872.xml
007876,JPEGImages/007876.jpg,Annotations/007876.xml
007877,JPEGImages/007877.jpg,Annotations/007877.xml
007878,JPEGImages/007878.jpg,Annotations/007878.xml
007883,JPEGImages/007883.jpg,Annotations/007883.xml
007884,JPEGImages/007884.jpg,Annotations/007884.xml
007885,JPEGImages/007885.jpg,Annotations/007885.xml
007898,JPEGImages/007898.jpg,Annotations/007898.xml
007900,JPEGImages/007900.jpg,Annotations/007900.xml
007901,JPEGImages/007901.jpg,Annotations/007901.xml
007905,JPEGImages/007905.jpg,Annotations/007905.xml
007908,JPEGImages/007908.jpg,Annotations/007908.xml
007910,JPEGImages/007910.jpg,Annotations/007910.xml
007911,JPEGImages/007911.jpg,Annotations/007911.xml
007914,JPEGImages/007914.jpg,Annotations/007914.xml
007915,JPEGImages/007915.jpg,Annotations/007915.xml
007923,JPEGImages/007923.jpg,Annotations/007923.xml
007925,JPEGImages/007925.jpg,Annotations/007925.xml
007926,JPEGImages/007926.jpg,Annotations/007926.xml
007932,JPEGImages/007932.jpg,Annotations/007932.xml
007939,JPEGImages/007939.jpg,Annotations/007939.xml
007940,JPEGImages/007940.jpg,Annotations/007940.xml
007953,JPEGImages/007953.jpg,Annotations/007953.xml
007959,JPEGImages/007959.jpg,Annotations/007959.xml
007963,JPEGImages/007963.jpg,Annotations/007963.xml
007964,JPEGImages/007964.jpg,Annotations/007964.xml
007968,JPEGImages/007968.jpg,Annotations/007968.xml
007974,JPEGImages/007974.jpg,Annotations/007974.xml
007976,JPEGImages/007976.jpg,Annotations/007976.xml
007980,JPEGImages/007980.jpg,Annotations/007980.xml
007991,JPEGImages/007991.jpg,Annotations/007991.xml
007996,JPEGImages/007996.jpg,Annotations/007996.xml
008001,JPEGImages/008001.jpg,Annotations/008001.xml
008004,JPEGImages/008004.jpg,Annotations/008004.xml
008005,JPEGImages/008005.jpg,Annotations/008005.xml
008008,JPEGImages/008008.jpg,Annotations/008008.xml
008012,JPEGImages/008012.jpg,Annotations/008012.xml
008017,JPEGImages/008017.jpg,Annotations/008017.xml
008019,JPEGImages/008019.jpg,Annotations/008019.xml
008026,JPEGImages/008026.jpg,Annotations/008026.xml
008037,JPEGImages/008037.jpg,Annotations/008037.xml
008040,JPEGImages/008040.jpg,Annotations/008040.xml
008042,JPEGImages/008042.jpg,Annotations/008042.xml
008043,JPEGImages/008043.jpg,Annotations/008043.xml
008044,JPEGImages/008044.jpg,Annotations/008044.xml
008049,JPEGImages/008049.jpg,Annotations/008049.xml
008051,JPEGImages/008051.jpg,Annotations/008051.xml
008053,JPEGImages/008053.jpg,Annotations/008053.xml
008062,JPEGImages/008062.jpg,Annotations/008062.xml
008063,JPEGImages/008063.jpg,Annotations/008063.xml
008064,JPEGImages/008064.jpg,Annotations/008064.xml
008067,JPEGImages/008067.jpg,Annotations/008067.xml
008072,JPEGImages/008072.jpg,Annotations/008072.xml
008075,JPEGImages/008075.jpg,Annotations/008075.xml
008076,JPEGImages/008076.jpg,Annotations/008076.xml
008079,JPEGImages/008079.jpg,Annotations/008079.xml
008082,JPEGImages/008082.jpg,Annotations/008082.xml
008083,JPEGImages/008083.jpg,Annotations/008083.xml
008084,JPEGImages/008084.jpg,Annotations/008084.xml
008093,JPEGImages/008093.jpg,Annotations/008093.xml
008095,JPEGImages/008095.jpg,Annotations/008095.xml
008096,JPEGImages/008096.jpg,Annotations/008096.xml
008098,JPEGImages/008098.jpg,Annotations/008098.xml
008106,JPEGImages/008106.jpg,Annotations/008106.xml
008108,JPEGImages/008108.jpg,Annotations/008108.xml
008116,JPEGImages/008116.jpg,Annotations/008116.xml
008117,JPEGImages/008117.jpg,Annotations/008117.xml
008121,JPEGImages/008121.jpg,Annotations/008121.xml
008127,JPEGImages/008127.jpg,Annotations/008127.xml
008130,JPEGImages/008130.jpg,Annotations/008130.xml
008137,JPEGImages/008137.jpg,Annotations/008137.xml
008139,JPEGImages/008139.jpg,Annotations/008139.xml
008142,JPEGImages/008142.jpg,Annotations/008142.xml
008150,JPEGImages/008150.jpg,Annotations/008150.xml
008163,JPEGImages/008163.jpg,Annotations/008163.xml
008164,JPEGImages/008164.jpg,Annotations/008164.xml
008166,JPEGImages/008166.jpg,Annotations/008166.xml
008169,JPEGImages/008169.jpg,Annotations/008169.xml
008174,JPEGImages/008174.jpg,Annotations/008174.xml
008186,JPEGImages/008186.jpg,Annotations/008186.xml
008188,JPEGImages/008188.jpg,Annotations/008188.xml
008197,JPEGImages/008197.jpg,Annotations/008197.xml
008199,JPEGImages/008199.jpg,Annotations/008199.xml
008202,JPEGImages/008202.jpg,Annotations/008202.xml
008203,JPEGImages/008203.jpg,Annotations/008203.xml
008204,JPEGImages/008204.jpg,Annotations/008204.xml
008211,JPEGImages/008211.jpg,Annotations/008211.xml
008213,JPEGImages/008213.jpg,Annotations/008213.xml
008216,JPEGImages/008216.jpg,Annotations/008216.xml
008218,JPEGImages/008218.jpg,Annotations/008218.xml
008223,JPEGImages/008223.jpg,Annotations/008223.xml
008226,JPEGImages/008226.jpg,Annotations/008226.xml
008232,JPEGImages/008232.jpg,Annotations/008232.xml
008235,JPEGImages/008235.jpg,Annotations/008235.xml
008248,JPEGImages/008248.jpg,Annotations/008248.xml
008250,JPEGImages/008250.jpg,Annotations/008250.xml
008252,JPEGImages/008252.jpg,Annotations/008252.xml
008253,JPEGImages/008253.jpg,Annotations/008253.xml
008254,JPEGImages/008254.jpg,Annotations/008254.xml
008260,JPEGImages/008260.jpg,Annotations/008260.xml
008261,JPEGImages/008261.jpg,Annotations/008261.xml
008262,JPEGImages/008262.jpg,Annotations/008262.xml
008263,JPEGImages/008263.jpg,Annotations/008263.xml
008269,JPEGImages/008269.jpg,Annotations/008269.xml
008272,JPEGImages/008272.jpg,Annotations/008272.xml
008280,JPEGImages/008280.jpg,Annotations/008280.xml
008282,JPEGImages/008282.jpg,Annotations/008282.xml
008296,JPEGImages/008296.jpg,Annotations/008296.xml
008301,JPEGImages/008301.jpg,Annotations/008301.xml
008302,JPEGImages/008302.jpg,Annotations/008302.xml
008310,JPEGImages/008310.jpg,Annotations/008310.xml
008311,JPEGImages/008311.jpg,Annotations/008311.xml
008312,JPEGImages/008312.jpg,Annotations/008312.xml
008313,JPEGImages/008313.jpg,Annotations/008313.xml
008315,JPEGImages/008315.jpg,Annotations/008315.xml
008316,JPEGImages/008316.jpg,Annotations/008316.xml
008317,JPEGImages/008317.jpg,Annotations/008317.xml
008322,JPEGImages/008322.jpg,Annotations/008322.xml
008332,JPEGImages/008332.jpg,Annotations/008332.xml
008336,JPEGImages/008336.jpg,Annotations/008336.xml
008338,JPEGImages/008338.jpg,Annotations/008338.xml
008341,JPEGImages/008341.jpg,Annotations/008341.xml
008342,JPEGImages/008342.jpg,Annotations/008342.xml
008346,JPEGImages/008346.jpg,Annotations/008346.xml
008351,JPEGImages/008351.jpg,Annotations/008351.xml
008360,JPEGImages/008360.jpg,Annotations/008360.xml
008372,JPEGImages/008372.jpg,Annotations/008372.xml
008374,JPEGImages/008374.jpg,Annotations/008374.xml
008381,JPEGImages/008381.jpg,Annotations/008381.xml
008384,JPEGImages/008384.jpg,Annotations/008384.xml
008385,JPEGImages/008385.jpg,Annotations/008385.xml
008388,JPEGImages/008388.jpg,Annotations/008388.xml
008391,JPEGImages/008391.jpg,Annotations/008391.xml
008397,JPEGImages/008397.jpg,Annotations/008397.xml
008398,JPEGImages/008398.jpg,Annotations/008398.xml
008403,JPEGImages/008403.jpg,Annotations/008403.xml
008409,JPEGImages/008409.jpg,Annotations/008409.xml
008422,JPEGImages/008422.jpg,Annotations/008422.xml
008425,JPEGImages/008425.jpg,Annotations/008425.xml
008426,JPEGImages/008426.jpg,Annotations/008426.xml
008427,JPEGImages/008427.jpg,Annotations/008427.xml
008437,JPEGImages/008437.jpg,Annotations/008437.xml
008442,JPEGImages/008442.jpg,Annotations/008442.xml
008443,JPEGImages/008443.jpg,Annotations/008443.xml
008445,JPEGImages/008445.jpg,Annotations/008445.xml
008449,JPEGImages/008449.jpg,Annotations/008449.xml
008452,JPEGImages/008452.jpg,Annotations/008452.xml
008453,JPEGImages/008453.jpg,Annotations/008453.xml
008456,JPEGImages/008456.jpg,Annotations/008456.xml
008462,JPEGImages/008462.jpg,Annotations/008462.xml
008465,JPEGImages/008465.jpg,Annotations/008465.xml
008466,JPEGImages/008466.jpg,Annotations/008466.xml
008467,JPEGImages/008467.jpg,Annotations/008467.xml
008468,JPEGImages/008468.jpg,Annotations/008468.xml
008470,JPEGImages/008470.jpg,Annotations/008470.xml
008475,JPEGImages/008475.jpg,Annotations/008475.xml
008477,JPEGImages/008477.jpg,Annotations/008477.xml
008478,JPEGImages/008478.jpg,Annotations/008478.xml
008482,JPEGImages/008482.jpg,Annotations/008482.xml
008483,JPEGImages/008483.jpg,Annotations/008483.xml
008495,JPEGImages/008495.jpg,Annotations/008495.xml
008506,JPEGImages/008506.jpg,Annotations/008506.xml
008517,JPEGImages/008517.jpg,Annotations/008517.xml
008523,JPEGImages/008523.jpg,Annotations/008523.xml
008529,JPEGImages/008529.jpg,Annotations/008529.xml
008530,JPEGImages/008530.jpg,Annotations/008530.xml
008533,JPEGImages/008533.jpg,Annotations/008533.xml
008536,JPEGImages/008536.jpg,Annotations/008536.xml
008549,JPEGImages/008549.jpg,Annotations/008549.xml
008550,JPEGImages/008550.jpg,Annotations/008550.xml
008558,JPEGImages/008558.jpg,Annotations/008558.xml
008559,JPEGImages/008559.jpg,Annotations/008559.xml
008568,JPEGImages/008568.jpg,Annotations/008568.xml
008581,JPEGImages/008581.jpg,Annotations/008581.xml
008585,JPEGImages/008585.jpg,Annotations/008585.xml
008587,JPEGImages/008587.jpg,Annotations/008587.xml
008588,JPEGImages/008588.jpg,Annotations/008588.xml
008595,JPEGImages/008595.jpg,Annotations/008595.xml
008596,JPEGImages/008596.jpg,Annotations/008596.xml
008602,JPEGImages/008602.jpg,Annotations/008602.xml
008610,JPEGImages/008610.jpg,Annotations/008610.xml
008615,JPEGImages/008615.jpg,Annotations/008615.xml
008617,JPEGImages/008617.jpg,Annotations/008617.xml
008618,JPEGImages/008618.jpg,Annotations/008618.xml
008628,JPEGImages/008628.jpg,Annotations/008628.xml
008633,JPEGImages/008633.jpg,Annotations/008633.xml
008645,JPEGImages/008645.jpg,Annotations/008645.xml
008655,JPEGImages/008655.jpg,Annotations/008655.xml
008663,JPEGImages/008663.jpg,Annotations/008663.xml
008665,JPEGImages/008665.jpg,Annotations/008665.xml
008670,JPEGImages/008670.jpg,Annotations/008670.xml
008676,JPEGImages/008676.jpg,Annotations/008676.xml
008688,JPEGImages/008688.jpg,Annotations/008688.xml
008690,JPEGImages/008690.jpg,Annotations/008690.xml
008691,JPEGImages/008691.jpg,Annotations/008691.xml
008699,JPEGImages/008699.jpg,Annotations/008699.xml
008702,JPEGImages/008702.jpg,Annotations/008702.xml
008706,JPEGImages/008706.jpg,Annotations/008706.xml
008710,JPEGImages/008710.jpg,Annotations/008710.xml
008720,JPEGImages/008720.jpg,Annotations/008720.xml
008723,JPEGImages/008723.jpg,Annotations/008723.xml
008725,JPEGImages/008725.jpg,Annotations/008725.xml
008727,JPEGImages/008727.jpg,Annotations/008727.xml
008731,JPEGImages/008731.jpg,Annotations/008731.xml
008732,JPEGImages/008732.jpg,Annotations/008732.xml
008738,JPEGImages/008738.jpg,Annotations/008738.xml
008741,JPEGImages/008741.jpg,Annotations/008741.xml
008744,JPEGImages/008744.jpg,Annotations/008744.xml
008748,JPEGImages/008748.jpg,Annotations/008748.xml
008750,JPEGImages/008750.jpg,Annotations/008750.xml
008755,JPEGImages/008755.jpg,Annotations/008755.xml
008756,JPEGImages/008756.jpg,Annotations/008756.xml
008757,JPEGImages/008757.jpg,Annotations/008757.xml
008760,JPEGImages/008760.jpg,Annotations/008760.xml
008764,JPEGImages/008764.jpg,Annotations/008764.xml
008768,JPEGImages/008768.jpg,Annotations/008768.xml
008770,JPEGImages/008770.jpg,Annotations/008770.xml
008771,JPEGImages/008771.jpg,Annotations/008771.xml
008776,JPEGImages/008776.jpg,Annotations/008776.xml
008783,JPEGImages/008783.jpg,Annotations/008783.xml
008784,JPEGImages/008784.jpg,Annotations/008784.xml
008790,JPEGImages/008790.jpg,Annotations/008790.xml
008794,JPEGImages/008794.jpg,Annotations/008794.xml
008806,JPEGImages/008806.jpg,Annotations/008806.xml
008809,JPEGImages/008809.jpg,Annotations/008809.xml
008811,JPEGImages/008811.jpg,Annotations/008811.xml
008813,JPEGImages/008813.jpg,Annotations/008813.xml
008814,JPEGImages/008814.jpg,Annotations/008814.xml
008815,JPEGImages/008815.jpg,Annotations/008815.xml
008819,JPEGImages/008819.jpg,Annotations/008819.xml
008838,JPEGImages/008838.jpg,Annotations/008838.xml
008840,JPEGImages/008840.jpg,Annotations/008840.xml
008841,JPEGImages/008841.jpg,Annotations/008841.xml
008847,JPEGImages/008847.jpg,Annotations/008847.xml
008856,JPEGImages/008856.jpg,Annotations/008856.xml
008862,JPEGImages/008862.jpg,Annotations/008862.xml
008865,JPEGImages/008865.jpg,Annotations/008865.xml
008872,JPEGImages/008872.jpg,Annotations/008872.xml
008878,JPEGImages/008878.jpg,Annotations/008878.xml
008879,JPEGImages/008879.jpg,Annotations/008879.xml
008883,JPEGImages/008883.jpg,Annotations/008883.xml
008885,JPEGImages/008885.jpg,Annotations/008885.xml
008886,JPEGImages/008886.jpg,Annotations/008886.xml
008891,JPEGImages/008891.jpg,Annotations/008891.xml
008900,JPEGImages/008900.jpg,Annotations/008900.xml
008905,JPEGImages/008905.jpg,Annotations/008905.xml
008909,JPEGImages/008909.jpg,Annotations/008909.xml
008920,JPEGImages/008920.jpg,Annotations/008920.xml
008923,JPEGImages/008923.jpg,Annotations/008923.xml
008926,JPEGImages/008926.jpg,Annotations/008926.xml
008929,JPEGImages/008929.jpg,Annotations/008929.xml
008930,JPEGImages/008930.jpg,Annotations/008930.xml
008932,JPEGImages/008932.jpg,Annotations/008932.xml
008933,JPEGImages/008933.jpg,Annotations/008933.xml
008936,JPEGImages/008936.jpg,Annotations/008936.xml
008939,JPEGImages/008939.jpg,Annotations/008939.xml
008944,JPEGImages/008944.jpg,Annotations/008944.xml
008948,JPEGImages/008948.jpg,Annotations/008948.xml
008958,JPEGImages/008958.jpg,Annotations/008958.xml
008960,JPEGImages/008960.jpg,Annotations/008960.xml
008961,JPEGImages/008961.jpg,Annotations/008961.xml
008962,JPEGImages/008962.jpg,Annotations/008962.xml
008966,JPEGImages/008966.jpg,Annotations/008966.xml
008967,JPEGImages/008967.jpg,Annotations/008967.xml
008968,JPEGImages/008968.jpg,Annotations/008968.xml
008969,JPEGImages/008969.jpg,Annotations/008969.xml
008970,JPEGImages/008970.jpg,Annotations/008970.xml
008971,JPEGImages/008971.jpg,Annotations/008971.xml
008973,JPEGImages/008973.jpg,Annotations/008973.xml
008975,JPEGImages/008975.jpg,Annotations/008975.xml
008978,JPEGImages/008978.jpg,Annotations/008978.xml
008979,JPEGImages/008979.jpg,Annotations/008979.xml
008980,JPEGImages/008980.jpg,Annotations/008980.xml
008985,JPEGImages/008985.jpg,Annotations/008985.xml
008987,JPEGImages/008987.jpg,Annotations/008987.xml
008988,JPEGImages/008988.jpg,Annotations/008988.xml
008989,JPEGImages/008989.jpg,Annotations/008989.xml
008995,JPEGImages/008995.jpg,Annotations/008995.xml
008999,JPEGImages/008999.jpg,Annotations/008999.xml
009000,JPEGImages/009000.jpg,Annotations/009000.xml
009004,JPEGImages/009004.jpg,Annotations/009004.xml
009005,JPEGImages/009005.jpg,Annotations/009005.xml
009016,JPEGImages/009016.jpg,Annotations/009016.xml
009018,JPEGImages/009018.jpg,Annotations/009018.xml
009020,JPEGImages/009020.jpg,Annotations/009020.xml
009027,JPEGImages/009027.jpg,Annotations/009027.xml
009029,JPEGImages/009029.jpg,Annotations/009029.xml
009032,JPEGImages/009032.jpg,Annotations/009032.xml
009036,JPEGImages/009036.jpg,Annotations/009036.xml
009042,JPEGImages/009042.jpg,Annotations/009042.xml
009045,JPEGImages/009045.jpg,Annotations/009045.xml
009049,JPEGImages/009049.jpg,Annotations/009049.xml
009058,JPEGImages/009058.jpg,Annotations/009058.xml
009059,JPEGImages/009059.jpg,Annotations/009059.xml
009063,JPEGImages/009063.jpg,Annotations/009063.xml
009066,JPEGImages/009066.jpg,Annotations/009066.xml
009068,JPEGImages/009068.jpg,Annotations/009068.xml
009073,JPEGImages/009073.jpg,Annotations/009073.xml
009078,JPEGImages/009078.jpg,Annotations/009078.xml
009080,JPEGImages/009080.jpg,Annotations/009080.xml
009086,JPEGImages/009086.jpg,Annotations/009086.xml
009098,JPEGImages/009098.jpg,Annotations/009098.xml
009099,JPEGImages/009099.jpg,Annotations/009099.xml
009100,JPEGImages/009100.jpg,Annotations/009100.xml
009106,JPEGImages/009106.jpg,Annotations/009106.xml
009108,JPEGImages/009108.jpg,Annotations/009108.xml
009114,JPEGImages/009114.jpg,Annotations/009114.xml
009117,JPEGImages/009117.jpg,Annotations/009117.xml
009121,JPEGImages/009121.jpg,Annotations/009121.xml
009123,JPEGImages/009123.jpg,Annotations/009123.xml
009136,JPEGImages/009136.jpg,Annotations/009136.xml
009144,JPEGImages/009144.jpg,Annotations/009144.xml
009148,JPEGImages/009148.jpg,Annotations/009148.xml
009153,JPEGImages/009153.jpg,Annotations/009153.xml
009160,JPEGImages/009160.jpg,Annotations/009160.xml
009161,JPEGImages/009161.jpg,Annotations/009161.xml
009166,JPEGImages/009166.jpg,Annotations/009166.xml
009173,JPEGImages/009173.jpg,Annotations/009173.xml
009175,JPEGImages/009175.jpg,Annotations/009175.xml
009181,JPEGImages/009181.jpg,Annotations/009181.xml
009184,JPEGImages/009184.jpg,Annotations/009184.xml
009185,JPEGImages/009185.jpg,Annotations/009185.xml
009191,JPEGImages/009191.jpg,Annotations/009191.xml
009196,JPEGImages/009196.jpg,Annotations/009196.xml
009197,JPEGImages/009197.jpg,Annotations/009197.xml
009200,JPEGImages/009200.jpg,Annotations/009200.xml
009205,JPEGImages/009205.jpg,Annotations/009205.xml
009208,JPEGImages/009208.jpg,Annotations/009208.xml
009209,JPEGImages/009209.jpg,Annotations/009209.xml
009214,JPEGImages/009214.jpg,Annotations/009214.xml
009215,JPEGImages/009215.jpg,Annotations/009215.xml
009218,JPEGImages/009218.jpg,Annotations/009218.xml
009227,JPEGImages/009227.jpg,Annotations/009227.xml
009230,JPEGImages/009230.jpg,Annotations/009230.xml
009238,JPEGImages/009238.jpg,Annotations/009238.xml
009242,JPEGImages/009242.jpg,Annotations/009242.xml
009245,JPEGImages/009245.jpg,Annotations/009245.xml
009251,JPEGImages/009251.jpg,Annotations/009251.xml
009252,JPEGImages/009252.jpg,Annotations/009252.xml
009255,JPEGImages/009255.jpg,Annotations/009255.xml
009259,JPEGImages/009259.jpg,Annotations/009259.xml
009269,JPEGImages/009269.jpg,Annotations/009269.xml
009270,JPEGImages/009270.jpg,Annotations/009270.xml
009271,JPEGImages/009271.jpg,Annotations/009271.xml
009272,JPEGImages/009272.jpg,Annotations/009272.xml
009283,JPEGImages/009283.jpg,Annotations/009283.xml
009285,JPEGImages/009285.jpg,Annotations/009285.xml
009287,JPEGImages/009287.jpg,Annotations/009287.xml
009288,JPEGImages/009288.jpg,Annotations/009288.xml
009289,JPEGImages/009289.jpg,Annotations/009289.xml
009290,JPEGImages/009290.jpg,Annotations/009290.xml
009295,JPEGImages/009295.jpg,Annotations/009295.xml
009296,JPEGImages/009296.jpg,Annotations/009296.xml
009299,JPEGImages/009299.jpg,Annotations/009299.xml
009306,JPEGImages/009306.jpg,Annotations/009306.xml
009307,JPEGImages/009307.jpg,Annotations/009307.xml
009308,JPEGImages/009308.jpg,Annotations/009308.xml
009316,JPEGImages/009316.jpg,Annotations/009316.xml
009318,JPEGImages/009318.jpg,Annotations/009318.xml
009324,JPEGImages/009324.jpg,Annotations/009324.xml
009325,JPEGImages/009325.jpg,Annotations/009325.xml
009327,JPEGImages/009327.jpg,Annotations/009327.xml
009333,JPEGImages/009333.jpg,Annotations/009333.xml
009336,JPEGImages/009336.jpg,Annotations/009336.xml
009339,JPEGImages/009339.jpg,Annotations/009339.xml
009342,JPEGImages/009342.jpg,Annotations/009342.xml
009343,JPEGImages/009343.jpg,Annotations/009343.xml
009358,JPEGImages/009358.jpg,Annotations/009358.xml
009359,JPEGImages/009359.jpg,Annotations/009359.xml
009362,JPEGImages/009362.jpg,Annotations/009362.xml
009365,JPEGImages/009365.jpg,Annotations/009365.xml
009377,JPEGImages/009377.jpg,Annotations/009377.xml
009386,JPEGImages/009386.jpg,Annotations/009386.xml
009388,JPEGImages/009388.jpg,Annotations/009388.xml
009389,JPEGImages/009389.jpg,Annotations/009389.xml
009392,JPEGImages/009392.jpg,Annotations/009392.xml
009393,JPEGImages/009393.jpg,Annotations/009393.xml
009394,JPEGImages/009394.jpg,Annotations/009394.xml
009398,JPEGImages/009398.jpg,Annotations/009398.xml
009406,JPEGImages/009406.jpg,Annotations/009406.xml
009407,JPEGImages/009407.jpg,Annotations/009407.xml
009409,JPEGImages/009409.jpg,Annotations/009409.xml
009410,JPEGImages/009410.jpg,Annotations/009410.xml
009411,JPEGImages/009411.jpg,Annotations/009411.xml
009413,JPEGImages/009413.jpg,Annotations/009413.xml
009417,JPEGImages/009417.jpg,Annotations/009417.xml
009418,JPEGImages/009418.jpg,Annotations/009418.xml
009419,JPEGImages/009419.jpg,Annotations/009419.xml
009420,JPEGImages/009420.jpg,Annotations/009420.xml
009421,JPEGImages/009421.jpg,Annotations/009421.xml
009422,JPEGImages/009422.jpg,Annotations/009422.xml
009424,JPEGImages/009424.jpg,Annotations/009424.xml
009429,JPEGImages/009429.jpg,Annotations/009429.xml
009432,JPEGImages/009432.jpg,Annotations/009432.xml
009434,JPEGImages/009434.jpg,Annotations/009434.xml
009446,JPEGImages/009446.jpg,Annotations/009446.xml
009458,JPEGImages/009458.jpg,Annotations/009458.xml
009460,JPEGImages/009460.jpg,Annotations/009460.xml
009463,JPEGImages/009463.jpg,Annotations/009463.xml
009465,JPEGImages/009465.jpg,Annotations/009465.xml
009466,JPEGImages/009466.jpg,Annotations/009466.xml
009469,JPEGImages/009469.jpg,Annotations/009469.xml
009476,JPEGImages/009476.jpg,Annotations/009476.xml
009488,JPEGImages/009488.jpg,Annotations/009488.xml
009490,JPEGImages/009490.jpg,Annotations/009490.xml
009491,JPEGImages/009491.jpg,Annotations/009491.xml
009496,JPEGImages/009496.jpg,Annotations/009496.xml
009497,JPEGImages/009497.jpg,Annotations/009497.xml
009499,JPEGImages/009499.jpg,Annotations/009499.xml
009504,JPEGImages/009504.jpg,Annotations/009504.xml
009508,JPEGImages/009508.jpg,Annotations/009508.xml
009512,JPEGImages/009512.jpg,Annotations/009512.xml
009515,JPEGImages/009515.jpg,Annotations/009515.xml
009516,JPEGImages/009516.jpg,Annotations/009516.xml
009518,JPEGImages/009518.jpg,Annotations/009518.xml
009520,JPEGImages/009520.jpg,Annotations/009520.xml
009523,JPEGImages/009523.jpg,Annotations/009523.xml
009524,JPEGImages/009524.jpg,Annotations/009524.xml
009526,JPEGImages/009526.jpg,Annotations/009526.xml
009528,JPEGImages/009528.jpg,Annotations/009528.xml
009537,JPEGImages/009537.jpg,Annotations/009537.xml
009541,JPEGImages/009541.jpg,Annotations/009541.xml
009542,JPEGImages/009542.jpg,Annotations/009542.xml
009545,JPEGImages/009545.jpg,Annotations/009545.xml
009549,JPEGImages/009549.jpg,Annotations/009549.xml
009551,JPEGImages/009551.jpg,Annotations/009551.xml
009557,JPEGImages/009557.jpg,Annotations/009557.xml
009562,JPEGImages/009562.jpg,Annotations/009562.xml
009566,JPEGImages/009566.jpg,Annotations/009566.xml
009573,JPEGImages/009573.jpg,Annotations/009573.xml
009576,JPEGImages/009576.jpg,Annotations/009576.xml
009577,JPEGImages/009577.jpg,Annotations/009577.xml
009579,JPEGImages/009579.jpg,Annotations/009579.xml
009584,JPEGImages/009584.jpg,Annotations/009584.xml
009585,JPEGImages/009585.jpg,Annotations/009585.xml
009587,JPEGImages/009587.jpg,Annotations/009587.xml
009596,JPEGImages/009596.jpg,Annotations/009596.xml
009600,JPEGImages/009600.jpg,Annotations/009600.xml
009605,JPEGImages/009605.jpg,Annotations/009605.xml
009609,JPEGImages/009609.jpg,Annotations/009609.xml
009613,JPEGImages/009613.jpg,Annotations/009613.xml
009614,JPEGImages/009614.jpg,Annotations/009614.xml
009615,JPEGImages/009615.jpg,Annotations/009615.xml
009618,JPEGImages/009618.jpg,Annotations/009618.xml
009621,JPEGImages/009621.jpg,Annotations/009621.xml
009623,JPEGImages/009623.jpg,Annotations/009623.xml
009629,JPEGImages/009629.jpg,Annotations/009629.xml
009634,JPEGImages/009634.jpg,Annotations/009634.xml
009637,JPEGImages/009637.jpg,Annotations/009637.xml
009638,JPEGImages/009638.jpg,Annotations/009638.xml
009644,JPEGImages/009644.jpg,Annotations/009644.xml
009650,JPEGImages/009650.jpg,Annotations/009650.xml
009654,JPEGImages/009654.jpg,Annotations/009654.xml
009656,JPEGImages/009656.jpg,Annotations/009656.xml
009659,JPEGImages/009659.jpg,Annotations/009659.xml
009664,JPEGImages/009664.jpg,Annotations/009664.xml
009666,JPEGImages/009666.jpg,Annotations/009666.xml
009668,JPEGImages/009668.jpg,Annotations/009668.xml
009671,JPEGImages/009671.jpg,Annotations/009671.xml
009679,JPEGImages/009679.jpg,Annotations/009679.xml
009684,JPEGImages/009684.jpg,Annotations/009684.xml
009691,JPEGImages/009691.jpg,Annotations/009691.xml
009693,JPEGImages/009693.jpg,Annotations/009693.xml
009702,JPEGImages/009702.jpg,Annotations/009702.xml
009703,JPEGImages/009703.jpg,Annotations/009703.xml
009707,JPEGImages/009707.jpg,Annotations/009707.xml
009709,JPEGImages/009709.jpg,Annotations/009709.xml
009713,JPEGImages/009713.jpg,Annotations/009713.xml
009717,JPEGImages/009717.jpg,Annotations/009717.xml
009718,JPEGImages/009718.jpg,Annotations/009718.xml
009721,JPEGImages/009721.jpg,Annotations/009721.xml
009729,JPEGImages/009729.jpg,Annotations/009729.xml
009733,JPEGImages/009733.jpg,Annotations/009733.xml
009734,JPEGImages/009734.jpg,Annotations/009734.xml
009735,JPEGImages/009735.jpg,Annotations/009735.xml
009749,JPEGImages/009749.jpg,Annotations/009749.xml
009755,JPEGImages/009755.jpg,Annotations/009755.xml
009756,JPEGImages/009756.jpg,Annotations/009756.xml
009762,JPEGImages/009762.jpg,Annotations/009762.xml
009763,JPEGImages/009763.jpg,Annotations/009763.xml
009774,JPEGImages/009774.jpg,Annotations/009774.xml
009776,JPEGImages/009776.jpg,Annotations/009776.xml
009789,JPEGImages/009789.jpg,Annotations/009789.xml
009790,JPEGImages/009790.jpg,Annotations/009790.xml
009792,JPEGImages/009792.jpg,Annotations/009792.xml
009797,JPEGImages/009797.jpg,Annotations/009797.xml
009800,JPEGImages/009800.jpg,Annotations/009800.xml
009805,JPEGImages/009805.jpg,Annotations/009805.xml
009807,JPEGImages/009807.jpg,Annotations/009807.xml
009808,JPEGImages/009808.jpg,Annotations/009808.xml
009810,JPEGImages/009810.jpg,Annotations/009810.xml
009813,JPEGImages/009813.jpg,Annotations/009813.xml
009825,JPEGImages/009825.jpg,Annotations/009825.xml
009828,JPEGImages/009828.jpg,Annotations/009828.xml
009830,JPEGImages/009830.jpg,Annotations/009830.xml
009832,JPEGImages/009832.jpg,Annotations/009832.xml
009834,JPEGImages/009834.jpg,Annotations/009834.xml
009839,JPEGImages/009839.jpg,Annotations/009839.xml
009842,JPEGImages/009842.jpg,Annotations/009842.xml
009845,JPEGImages/009845.jpg,Annotations/009845.xml
009848,JPEGImages/009848.jpg,Annotations/009848.xml
009851,JPEGImages/009851.jpg,Annotations/009851.xml
009852,JPEGImages/009852.jpg,Annotations/009852.xml
009855,JPEGImages/009855.jpg,Annotations/009855.xml
009859,JPEGImages/009859.jpg,Annotations/009859.xml
009860,JPEGImages/009860.jpg,Annotations/009860.xml
009867,JPEGImages/009867.jpg,Annotations/009867.xml
009868,JPEGImages/009868.jpg,Annotations/009868.xml
009869,JPEGImages/009869.jpg,Annotations/009869.xml
009872,JPEGImages/009872.jpg,Annotations/009872.xml
009874,JPEGImages/009874.jpg,Annotations/009874.xml
009877,JPEGImages/009877.jpg,Annotations/009877.xml
009878,JPEGImages/009878.jpg,Annotations/009878.xml
009879,JPEGImages/009879.jpg,Annotations/009879.xml
009882,JPEGImages/009882.jpg,Annotations/009882.xml
009884,JPEGImages/009884.jpg,Annotations/009884.xml
009887,JPEGImages/009887.jpg,Annotations/009887.xml
009896,JPEGImages/009896.jpg,Annotations/009896.xml
009904,JPEGImages/009904.jpg,Annotations/009904.xml
009911,JPEGImages/009911.jpg,Annotations/009911.xml
009918,JPEGImages/009918.jpg,Annotations/009918.xml
009920,JPEGImages/009920.jpg,Annotations/009920.xml
009926,JPEGImages/009926.jpg,Annotations/009926.xml
009938,JPEGImages/009938.jpg,Annotations/009938.xml
009940,JPEGImages/009940.jpg,Annotations/009940.xml
009942,JPEGImages/009942.jpg,Annotations/009942.xml
009944,JPEGImages/009944.jpg,Annotations/009944.xml
009945,JPEGImages/009945.jpg,Annotations/009945.xml
009949,JPEGImages/009949.jpg,Annotations/009949.xml
009959,JPEGImages/009959.jpg,Annotations/009959.xml
009961,JPEGImages/009961.jpg,Annotations/009961.xml
